client_id	path	sentence_id	sentence	sentence_domain	up_votes	down_votes	age	gender	accents	variant	locale	segment
a83e3eddb707446dc11758e21cfa53892fee9ae92c477b77f5578f50688f65db541b69b25fcce017bdd66bacdc13ccb7beed7f359d0e01ce2cf0d516cda494a2	common_voice_az_35249797.mp3	0073533624699e02084b18a173b35946d80d091e6645e738acf26892ee7e1dca	Bu ailələrin başçısı isə Hüseyn adlı şəxs olmuşdur.		1	1					az	
a83e3eddb707446dc11758e21cfa53892fee9ae92c477b77f5578f50688f65db541b69b25fcce017bdd66bacdc13ccb7beed7f359d0e01ce2cf0d516cda494a2	common_voice_az_35249856.mp3	01a3df8c2fa9748403e861b99b7326318cd65a8ca60b3f2cc0f1e5f191d189e2	Bu da alətin çalğı imkanlarını genişləndirir.		1	0					az	
a83e3eddb707446dc11758e21cfa53892fee9ae92c477b77f5578f50688f65db541b69b25fcce017bdd66bacdc13ccb7beed7f359d0e01ce2cf0d516cda494a2	common_voice_az_35250019.mp3	0034a5482e5e073e4f40416673bf5537beb59cf1fb76c7f9e1aad927f5cfe9b3	Azlıq isə islam və xristiandır.		1	0	twenties	male_masculine			az	
a83e3eddb707446dc11758e21cfa53892fee9ae92c477b77f5578f50688f65db541b69b25fcce017bdd66bacdc13ccb7beed7f359d0e01ce2cf0d516cda494a2	common_voice_az_35250117.mp3	00a19abd746ea7f33cca841253fb815e2840306d518dea89a90455836f31225d	Qaya Avrora adalarından biri hesab edilir.		1	1	twenties	male_masculine			az	
a83e3eddb707446dc11758e21cfa53892fee9ae92c477b77f5578f50688f65db541b69b25fcce017bdd66bacdc13ccb7beed7f359d0e01ce2cf0d516cda494a2	common_voice_az_35250118.mp3	013a1c22a0e42efb727c3ffb6d243a70ba761063b10d336da2cc0408eda365e5	Bu sahədə bir neçə kitab müəllifidir.		1	1	twenties	male_masculine			az	
e4d14fc9d2534ce687620d788ca13c41014918ec07adef00cd496f25220a3192516bbeb660ca34f88fd9f35f4e5015e869992b6111e2a20bd967b6a11ae9d950	common_voice_az_36559410.mp3	0119bdf8ef769592c441e21048f283a3b5f47c7ae0d9556726a94a6f0c187787	İntiqam Yaşar eyni zamanda Azərbaycan Yazıçılar Birliyinin üzvüdür.		1	1	twenties	male_masculine			az	
e4d14fc9d2534ce687620d788ca13c41014918ec07adef00cd496f25220a3192516bbeb660ca34f88fd9f35f4e5015e869992b6111e2a20bd967b6a11ae9d950	common_voice_az_36559443.mp3	01f2b338aa3098f2c42e26888c642f0102abdcc02ae29a0faf6ee02441b6b884	Qara ciyər toxumları ilə qidalanır.		1	1	twenties	male_masculine			az	
e4d14fc9d2534ce687620d788ca13c41014918ec07adef00cd496f25220a3192516bbeb660ca34f88fd9f35f4e5015e869992b6111e2a20bd967b6a11ae9d950	common_voice_az_36559445.mp3	0167f8775397214833ded1f4e3af57482048d319e090da4df70bd127f508941d	Müasir mənbələrdə onun əhalisi ümumi olaraq "Ləzgi" adlanırdı.		1	0	twenties	male_masculine			az	
d15e975e7096c6ecbb2962c67ac1c0c3a4b1e8c85671d1e91e41ceeaefe2a1d3ffc461320e7afd7db1087dad5cac78431bddb532e414de3fd45b49073c68feb8	common_voice_az_36638180.mp3	0077493d60ba98c4417efa2a0e99a20c0cff098eca7aaa8ed8c35eb35adbceca	Tayvan boğazı Şərqi Çin dənizi ilə Cənubi Çin dənizini birləşdirir.		1	0					az	
b5e32070e1d21acf4a2cf3a54c4d5095b0c18104777da59fee07d593f0907d7fa91dc67ac634f2ebdd2395fa803dd12f3f817631be16d7f51dd27078321c10e9	common_voice_az_36729347.mp3	00944ab88cb50ef9a5e3c4afac96010f4a5ee5ba9d73bc9678896fa45536d78a	Cənubi Mulen kantonuna daxildir.		1	0	thirties	male_masculine			az	
b5e32070e1d21acf4a2cf3a54c4d5095b0c18104777da59fee07d593f0907d7fa91dc67ac634f2ebdd2395fa803dd12f3f817631be16d7f51dd27078321c10e9	common_voice_az_36729349.mp3	00f32180398e105c754fce9622f52dbba539b98c86a32b9b7edd592bd00ccb87	Hal hazırda istehsal olunmur.		1	0	thirties	male_masculine			az	
b5e32070e1d21acf4a2cf3a54c4d5095b0c18104777da59fee07d593f0907d7fa91dc67ac634f2ebdd2395fa803dd12f3f817631be16d7f51dd27078321c10e9	common_voice_az_36729361.mp3	009ca67f3d510c92daabc71a5f25e67a535feee63d3f9e5466ecc650729ba15b	Bu Vaşinqton Dövlət Universiteti üçün ən böyük xal idi.		1	0	thirties	male_masculine			az	
b5e32070e1d21acf4a2cf3a54c4d5095b0c18104777da59fee07d593f0907d7fa91dc67ac634f2ebdd2395fa803dd12f3f817631be16d7f51dd27078321c10e9	common_voice_az_36729363.mp3	0169ec7f314ad919e53f92aef02552b751ce4d7af5066b3d1c9c14d5d74e4dde	Əsas binanın planında onun otaqlarının tavanı xaotik idi.		1	0	thirties	male_masculine			az	
7f4dbd32b785e51dd1eae60633c735b9b9cccb9c8b1b9619bb99c4e4f3ef4913363b46966429a575e4eb9d35c083464a7b06be1ff56d686dd2a992235e0d4356	common_voice_az_37445598.mp3	019ec42b6add6fa8518aeecd2e3852cf7736d53cf070e7a4bb00170834f7c972	Qışlamadan martın çıxırlar.		1	0					az	
7f4dbd32b785e51dd1eae60633c735b9b9cccb9c8b1b9619bb99c4e4f3ef4913363b46966429a575e4eb9d35c083464a7b06be1ff56d686dd2a992235e0d4356	common_voice_az_37445602.mp3	00f956f9961373811234fad4b7e19aae7ccdacca7e00652ed052912c41a58b87	Bir sıra səhnə əsərlərinin tamaşalarına quruluş verir.		1	0					az	
1b78f020e6f6c0c828e4a5c3e3c41ec5b1aff707678d5839d3fb6765677cf26b9e3b6955a4678d63c9281719189896c8b13b32941f5a34a663eebd3950ee9469	common_voice_az_37772753.mp3	00a00930cba3eca93bd7230e7793ffa094c87c69a4487650b9cc696fdff1a865	Hüceyrənin mərkəzində yerləşir.		1	0					az	
6cd8994c6d82b791ea9653b101fd27d8735afb1ea8300a0ec3c9531ae89fa8912807862ec7b75aeb49d72866c39fa9c0981c91ac9ed41b47c42ede4f804e09cd	common_voice_az_38206776.mp3	019372cbdebb36ef1b79b32d4a15cb30f48e372615f9a1628fda7284940250f5	O öz istedadı və rəhbərlik bacarığına görə məsul vəzifələrə irəli çəkilmişdir.		1	0					az	
6ca0e6e5389ea98c34e4b09530706fa883e33ae4f2226b229342475c373691fc0881d1776b945f6e1f9d007eea54dde1ee4ac2a12d742458e75e9bb4997ca85c	common_voice_az_38555106.mp3	01f6fe08d7c6d46849a611dc95d330b83f3a1358ce6c42c8fcedec9adb10096e	Rusiyanın cənub rayonlarında təbii halda bitir.		1	0					az	
357e56de4d5a200646248e8cdf7c1e86f75c9a743883d376fdf4e2d51c5606fac8778d34d628d41ee51e2ed23695534af46c737d72bec4ded21a7fff1d6af763	common_voice_az_40474197.mp3	0009385be62325375f49f66c72f60953946e95153558d452d28ef2e92607f6fb	Bütün dünyəvi və deməli əsas siyasi hakimiyət böyük orduya malik Səlcuqluların əlində idi.		1	0					az	
357e56de4d5a200646248e8cdf7c1e86f75c9a743883d376fdf4e2d51c5606fac8778d34d628d41ee51e2ed23695534af46c737d72bec4ded21a7fff1d6af763	common_voice_az_40474198.mp3	00cbf0ad6b0e1514ed182a75aed004a2c411088959cd163547d9ad53f35aa3a4	Yarımadanın relyefi dağlıqdır.		1	0					az	
357e56de4d5a200646248e8cdf7c1e86f75c9a743883d376fdf4e2d51c5606fac8778d34d628d41ee51e2ed23695534af46c737d72bec4ded21a7fff1d6af763	common_voice_az_40474227.mp3	00f3cf675ddda3241b0afe79d6e1e84fcc0b42226fe8a3297486241911d04764	Ancaq gecə döyüşərkən tarazlıq vəziyyətini itirir və yerə yıxılır.		1	0					az	
357e56de4d5a200646248e8cdf7c1e86f75c9a743883d376fdf4e2d51c5606fac8778d34d628d41ee51e2ed23695534af46c737d72bec4ded21a7fff1d6af763	common_voice_az_40474228.mp3	0078be3fb70dfd22cc8c00c91948c68aecb087c5686b79fda0d10df64cd14a0c	Üsyan günlərində yaradılan milli qvardiya dəstələri avstriyalı qoşunları gərgin döyüşlərdən sonra şəhərdən qovdu.		1	0					az	
357e56de4d5a200646248e8cdf7c1e86f75c9a743883d376fdf4e2d51c5606fac8778d34d628d41ee51e2ed23695534af46c737d72bec4ded21a7fff1d6af763	common_voice_az_40474242.mp3	01ff2b327b2787028f8b7560ee0a0092241d28956e850e3895d864fdf8943099	Pyotr imperatora birbaşa hücum etsə də Saloniki tərəfdə məğlub oldu və geri çəkildi.		1	0					az	
357e56de4d5a200646248e8cdf7c1e86f75c9a743883d376fdf4e2d51c5606fac8778d34d628d41ee51e2ed23695534af46c737d72bec4ded21a7fff1d6af763	common_voice_az_40474244.mp3	00d8908f669f29190c512fb7f847085568cdcf7d877071422f8a18469f515df1	Tələbə olduğu dövrdən Azərbaycan radiosu və televiziyası ilə müntəzəm əməkdaşlıq edib.		1	0					az	
357e56de4d5a200646248e8cdf7c1e86f75c9a743883d376fdf4e2d51c5606fac8778d34d628d41ee51e2ed23695534af46c737d72bec4ded21a7fff1d6af763	common_voice_az_40474246.mp3	01b7c4d4cafdd2cc3fb781d8c80383686ee90c0979fd8ed6e55700551c1a30cb	Növ Beynəlxalq Qırmızı Kitaba daxil edilmişdir.		1	0					az	
357e56de4d5a200646248e8cdf7c1e86f75c9a743883d376fdf4e2d51c5606fac8778d34d628d41ee51e2ed23695534af46c737d72bec4ded21a7fff1d6af763	common_voice_az_40474262.mp3	00fbf6ea69e0cc6f8245db0253c504e8327108c09d9cad23e8fbc17bce84b426	Bu papaq formasının Səfəvi hökmdarlarının "qızılbaş" ordusundan qalması zənn edilir.		1	0					az	
e93f7869eef2592691908b9e12848d766fbfe6fa646e28d4bad142e3de5cd40cd8e227f3e3096cbe50b7d13d3f9fc93d3bd1d72ba5f8776d4111f1b3a8eeb1b2	common_voice_az_40603075.mp3	005112fed16d0aaf820d266032665444b5c91348f091ae01dc91cf6a93fe7e7d	Binanın memarlığı da Şərq üslubunda işlənmişdir.		1	1	teens				az	
4330a3785df536c848d80fb034d51d7e18c29edca132b2bc22fd9c96304bf06935f978f0c05c7fce26a8d4568f30cb95108fc78ebbe47e577d6968478c22ad54	common_voice_az_40667855.mp3	01cc6fc70f50bc103d1f2ed9d5af36033a53c268b13d84745a6d463604d2a89e	Bir sıra torpaq islahatları aparması hərbiçilər arasında kəskin etirazlara səbəb olur.		0	0	thirties				az	
4330a3785df536c848d80fb034d51d7e18c29edca132b2bc22fd9c96304bf06935f978f0c05c7fce26a8d4568f30cb95108fc78ebbe47e577d6968478c22ad54	common_voice_az_40667856.mp3	00fdc791dab701958eba44bdc6dd8e35746967b5b45086b016ce1861845e943d	Bu cəhətlərinə görə onun quruluşları uğurlu alınırdı.		1	0	thirties				az	
4330a3785df536c848d80fb034d51d7e18c29edca132b2bc22fd9c96304bf06935f978f0c05c7fce26a8d4568f30cb95108fc78ebbe47e577d6968478c22ad54	common_voice_az_40667857.mp3	01b74e70cd4ebf05cb52b008fe46c47768f3c59a50d7e5f3f179bf6517ac1f22	Great tərəfindən yazılır və çəkilir.		1	1	thirties				az	
4330a3785df536c848d80fb034d51d7e18c29edca132b2bc22fd9c96304bf06935f978f0c05c7fce26a8d4568f30cb95108fc78ebbe47e577d6968478c22ad54	common_voice_az_40667859.mp3	002733c320a19a377a3bc18ffdd6e72e6cd3e9ec3ac5ef7e615bd93abdbb2c55	Şəhərə düşmən təhlükəsi üz verdikdə əhali qaçaraq bu meşədə özünü qoruya bilir.		1	0	thirties				az	
4330a3785df536c848d80fb034d51d7e18c29edca132b2bc22fd9c96304bf06935f978f0c05c7fce26a8d4568f30cb95108fc78ebbe47e577d6968478c22ad54	common_voice_az_40667891.mp3	01c12008a5878832f75b3e0aac012e556eb59efd84238fe15344a8fad8d52ad2	Azərşəhr şəhristanının üç şəhəri var.		0	0	thirties				az	
4330a3785df536c848d80fb034d51d7e18c29edca132b2bc22fd9c96304bf06935f978f0c05c7fce26a8d4568f30cb95108fc78ebbe47e577d6968478c22ad54	common_voice_az_40667894.mp3	00749470b868ab319ce5082dc378f37831a9d8595fd0aec7df1ef7c4edcb7787	İki asılı ərazi isə ada dövlətdir.		0	1	thirties				az	
4330a3785df536c848d80fb034d51d7e18c29edca132b2bc22fd9c96304bf06935f978f0c05c7fce26a8d4568f30cb95108fc78ebbe47e577d6968478c22ad54	common_voice_az_40667895.mp3	001fe8db3ff0d3f7e95a3d8cc19a1100674d15d794fc47165e168cc5f7f4bc35	Ərşə çəkilibdi yuxum, qərarım,Rəxti-xabım şahmarana dönübdü.		0	0	thirties				az	
4330a3785df536c848d80fb034d51d7e18c29edca132b2bc22fd9c96304bf06935f978f0c05c7fce26a8d4568f30cb95108fc78ebbe47e577d6968478c22ad54	common_voice_az_40667896.mp3	0176e84192f676bb3c12ae5214598fba2977a5d869cd6cc498aa7e48c4b4de98	Münasibətlər nəzəriyyəsi ümumi sosiologiyanın mühüm sahəsidir.		0	0	thirties				az	
4330a3785df536c848d80fb034d51d7e18c29edca132b2bc22fd9c96304bf06935f978f0c05c7fce26a8d4568f30cb95108fc78ebbe47e577d6968478c22ad54	common_voice_az_40667897.mp3	02156d3381ace5a095eb452ba900bac628d628f33cc52caca517a0343ac5bf07	Balans Kartı.		1	0	thirties				az	
4330a3785df536c848d80fb034d51d7e18c29edca132b2bc22fd9c96304bf06935f978f0c05c7fce26a8d4568f30cb95108fc78ebbe47e577d6968478c22ad54	common_voice_az_40667937.mp3	01c9e1e6a2ec5c8eacb1a46f366361ef3d700a5f33accc558c1a39c1ac013b85	Platforma formasiyaları əmələ gəlməsində iqlim amili böyük rol oynayır.		1	0	thirties				az	
4330a3785df536c848d80fb034d51d7e18c29edca132b2bc22fd9c96304bf06935f978f0c05c7fce26a8d4568f30cb95108fc78ebbe47e577d6968478c22ad54	common_voice_az_40667966.mp3	023ff3732022c641f029cc35358c2c7addf6607a265394f2260fce6c10a8fbd0	Albomun daha sonra ispan dilində olan versiyası da işıq üzü gördü.		0	0	thirties				az	
4330a3785df536c848d80fb034d51d7e18c29edca132b2bc22fd9c96304bf06935f978f0c05c7fce26a8d4568f30cb95108fc78ebbe47e577d6968478c22ad54	common_voice_az_40667967.mp3	01a3b93e8c056e66787af0cac508de7f34e6889c306b995db702af87c0112e36	Bu gün Lomonosov sosial və ticarət infrastruktur obyektləri ilə çox zəngindir.		0	0	thirties				az	
4330a3785df536c848d80fb034d51d7e18c29edca132b2bc22fd9c96304bf06935f978f0c05c7fce26a8d4568f30cb95108fc78ebbe47e577d6968478c22ad54	common_voice_az_40667968.mp3	0040372d2d9751e2949a261f180817e153dfb9d4db5772581885bb593df1e165	İqtisadiyyatın əsasını turizm və kənd təsərrüfatı təşkil edir.		0	0	thirties				az	
4330a3785df536c848d80fb034d51d7e18c29edca132b2bc22fd9c96304bf06935f978f0c05c7fce26a8d4568f30cb95108fc78ebbe47e577d6968478c22ad54	common_voice_az_40667969.mp3	004eeb39916cff860b285ee30bac9ffc95f0256222ba9cd2c7241876872ca79b	İlk əvvəl çay şimal istiqamətdə axır.		0	0	thirties				az	
4330a3785df536c848d80fb034d51d7e18c29edca132b2bc22fd9c96304bf06935f978f0c05c7fce26a8d4568f30cb95108fc78ebbe47e577d6968478c22ad54	common_voice_az_40667970.mp3	021552e6f980ea598f4ed39d4dfe1f269aa9e942b70e2596ea5483ee2b76db6c	Beləliklə qan dövranı az baş verdiyindən oksigen sərfi az olur.		1	0	thirties				az	
4330a3785df536c848d80fb034d51d7e18c29edca132b2bc22fd9c96304bf06935f978f0c05c7fce26a8d4568f30cb95108fc78ebbe47e577d6968478c22ad54	common_voice_az_40668024.mp3	002e060dd9c2a6703fb53e43a049c13f7a3e9adbc632c3b8051e2b1fd845bbb0	Universiteti bitirdikdən sonra mühəndislik şirkətində iş tapıb.		0	0	thirties				az	
4330a3785df536c848d80fb034d51d7e18c29edca132b2bc22fd9c96304bf06935f978f0c05c7fce26a8d4568f30cb95108fc78ebbe47e577d6968478c22ad54	common_voice_az_40668025.mp3	00a11850b4ac443c3d2f3d65d9c8f9d699da337bb8ac2a8b074a0b94901db700	Sarayevo Universitetinin Fəlsəfə fakültəsini bitirib.		0	0	thirties				az	
4330a3785df536c848d80fb034d51d7e18c29edca132b2bc22fd9c96304bf06935f978f0c05c7fce26a8d4568f30cb95108fc78ebbe47e577d6968478c22ad54	common_voice_az_40668027.mp3	0097d479c213a39cfc94e807cca78c099a9d8c2950ae04f7df65a9362c86c2e6	Bu torpaqlar yüksək məhsuldarlığı ilə seçilən ərazilərdir.		1	0	thirties				az	
4330a3785df536c848d80fb034d51d7e18c29edca132b2bc22fd9c96304bf06935f978f0c05c7fce26a8d4568f30cb95108fc78ebbe47e577d6968478c22ad54	common_voice_az_40668028.mp3	0225e19610f02492a29b3f74a17a0a4460ef1afd3b6fc1739a22109a74ab020a	Geniş əraziyə malik olması onu xüsusi ilə şəhər əhalisi arasında məşhur edir.		1	0	thirties				az	
4330a3785df536c848d80fb034d51d7e18c29edca132b2bc22fd9c96304bf06935f978f0c05c7fce26a8d4568f30cb95108fc78ebbe47e577d6968478c22ad54	common_voice_az_40668029.mp3	01a168a66c9655a7fd680b768d939fa08ff9ec7b200674dd4d6c6cb9fd019db2	Quşlarda qanadların inkişafı pozulur.		0	0	thirties				az	
4330a3785df536c848d80fb034d51d7e18c29edca132b2bc22fd9c96304bf06935f978f0c05c7fce26a8d4568f30cb95108fc78ebbe47e577d6968478c22ad54	common_voice_az_40668227.mp3	00df2de93bb0a7cb9e2f0eab2f5ffeb247cb0be2abd5428909014934eafbbf23	Yaşadığı dövrlər kimi ölüm tarixi də məlum deyil.		1	0	thirties				az	
4330a3785df536c848d80fb034d51d7e18c29edca132b2bc22fd9c96304bf06935f978f0c05c7fce26a8d4568f30cb95108fc78ebbe47e577d6968478c22ad54	common_voice_az_40668228.mp3	00b0e83711eb381dd5d618d724d84cc199af454134dcaba3bbcaccda84c3db6b	Azərbaycanda səhiyyə xidmətinin maliyyələşdirilməsi əsasən dövlət tərəfindən həyata keçirilir.		1	0	thirties				az	
4330a3785df536c848d80fb034d51d7e18c29edca132b2bc22fd9c96304bf06935f978f0c05c7fce26a8d4568f30cb95108fc78ebbe47e577d6968478c22ad54	common_voice_az_40668230.mp3	022aabe6c275d4d98a03eec8d4e950f247d3bdba8211205b514a95bbee61018e	Bu yolla fiziki kanalın buraxma qabiliyyəti bir neçə dəfə artır.		1	1	thirties				az	
4330a3785df536c848d80fb034d51d7e18c29edca132b2bc22fd9c96304bf06935f978f0c05c7fce26a8d4568f30cb95108fc78ebbe47e577d6968478c22ad54	common_voice_az_40668241.mp3	01aca71e586e850014039e8cd2fb39e370f195d820a05fff7c6d1834c49a7420	Filmin çəkilişləri Türkiyənin Konya ilində gerçəkləşmişdir.		0	0	thirties				az	
4330a3785df536c848d80fb034d51d7e18c29edca132b2bc22fd9c96304bf06935f978f0c05c7fce26a8d4568f30cb95108fc78ebbe47e577d6968478c22ad54	common_voice_az_40668242.mp3	0241504f541ba0cc8db88e6ab56252acbd7348c9de4617a4dfef801b565304c4	Kənd yaxınlığındakı Qaradağ dağının adı ilə adlanmışdır.		1	1	thirties				az	
4330a3785df536c848d80fb034d51d7e18c29edca132b2bc22fd9c96304bf06935f978f0c05c7fce26a8d4568f30cb95108fc78ebbe47e577d6968478c22ad54	common_voice_az_40668244.mp3	0015b52cf869bb018a6fd2f87be12bf4f42cb4d9c08f3f96e3aa355edb44ab43	Burada çox güclü bir Xaçlı ordusu ilə qarşılaşdı.		1	0	thirties				az	
4330a3785df536c848d80fb034d51d7e18c29edca132b2bc22fd9c96304bf06935f978f0c05c7fce26a8d4568f30cb95108fc78ebbe47e577d6968478c22ad54	common_voice_az_40668266.mp3	022deca8cc794be855d35b8d16383cdfcd5118ab0a4e1b993ba5521c241ddb28	Maşınların təlimi sərbəst şəkildə süni intellekt biliklərinin və onun işləmə proseslərinin alınmasına aiddir.		1	0	thirties				az	
4330a3785df536c848d80fb034d51d7e18c29edca132b2bc22fd9c96304bf06935f978f0c05c7fce26a8d4568f30cb95108fc78ebbe47e577d6968478c22ad54	common_voice_az_40668267.mp3	01dbefccde3e38cb879da8d421fea42a10111248ae31625cf8581f030c3b23b6	Psixologiya sahəsindəki fəaliyyəti ilə tanınır.		1	0	thirties				az	
4330a3785df536c848d80fb034d51d7e18c29edca132b2bc22fd9c96304bf06935f978f0c05c7fce26a8d4568f30cb95108fc78ebbe47e577d6968478c22ad54	common_voice_az_40668268.mp3	0216a06a70f7d667da54c685645a64bb0105e1fd79ef6412d2f60e43600ab570	Kil Universiteti beynəlxalq ümumi hüquq üzrə aparılan tədqiqatları ilə məşhurdur.		0	0	thirties				az	
4330a3785df536c848d80fb034d51d7e18c29edca132b2bc22fd9c96304bf06935f978f0c05c7fce26a8d4568f30cb95108fc78ebbe47e577d6968478c22ad54	common_voice_az_40668269.mp3	01e83a743d85f9f883044f69febbf1f4c783b18c0e6d17fcdca40120b38bf6ea	Onlar bu ərazilərin aborigen xalqı idilər.		1	1	thirties				az	
4330a3785df536c848d80fb034d51d7e18c29edca132b2bc22fd9c96304bf06935f978f0c05c7fce26a8d4568f30cb95108fc78ebbe47e577d6968478c22ad54	common_voice_az_40668270.mp3	0072bfb368cf95cec33d9c4c443d132500ec22e9e03c5e09d9b81c894c209ddd	Üçüncü dövrün.		1	1	thirties				az	
4330a3785df536c848d80fb034d51d7e18c29edca132b2bc22fd9c96304bf06935f978f0c05c7fce26a8d4568f30cb95108fc78ebbe47e577d6968478c22ad54	common_voice_az_40668440.mp3	01b124f1f5532df31abc993fd37f98cc7e78c4ad292de61fcae3c69ece418976	O zamana qədər xarici dilli filmlər Xüsusi Nailiyyət mükafatına layiq görülmüşdür.		0	1	thirties				az	
4330a3785df536c848d80fb034d51d7e18c29edca132b2bc22fd9c96304bf06935f978f0c05c7fce26a8d4568f30cb95108fc78ebbe47e577d6968478c22ad54	common_voice_az_40668442.mp3	0128389f0340ed335616f6cfa6755a3b162fe686912c18966c293b9714295ef4	Bir oğlu var.		1	0	thirties				az	
4330a3785df536c848d80fb034d51d7e18c29edca132b2bc22fd9c96304bf06935f978f0c05c7fce26a8d4568f30cb95108fc78ebbe47e577d6968478c22ad54	common_voice_az_40668445.mp3	0183bfcd55aa6ba7b1eed9492e7e095b001ee20209e8425097ac2a4e544e0445	Bu ərazidə yüzlərlə məscid və digər dini ibadət yerləri mövcud olmuşdur.		0	0	thirties				az	
4330a3785df536c848d80fb034d51d7e18c29edca132b2bc22fd9c96304bf06935f978f0c05c7fce26a8d4568f30cb95108fc78ebbe47e577d6968478c22ad54	common_voice_az_40668470.mp3	00b2901efb1b8113cb93d5ea42dc13ac3ff10a24116cf03189b702a7c70f5629	Boğaz ilin böyük hissəsi buzla örtülü olur.		1	0	thirties				az	
4330a3785df536c848d80fb034d51d7e18c29edca132b2bc22fd9c96304bf06935f978f0c05c7fce26a8d4568f30cb95108fc78ebbe47e577d6968478c22ad54	common_voice_az_40668474.mp3	022958e128b0bd9598f4041f179e1e685f755b4c2f19909311fe6bc7172e934f	Mövsümün gedişində isə kapitan seçildi.		0	0	thirties				az	
4330a3785df536c848d80fb034d51d7e18c29edca132b2bc22fd9c96304bf06935f978f0c05c7fce26a8d4568f30cb95108fc78ebbe47e577d6968478c22ad54	common_voice_az_40668498.mp3	01d69556685a4a09172908eb0a91d41301a695064a7daf3e68ed3121befd3eb3	İlk komandada meydana çıxmağa başlayanda hələ yeniyetmə idi.		1	0	thirties				az	
4330a3785df536c848d80fb034d51d7e18c29edca132b2bc22fd9c96304bf06935f978f0c05c7fce26a8d4568f30cb95108fc78ebbe47e577d6968478c22ad54	common_voice_az_40668500.mp3	018c9c634c1ba2fb72444efbc37d3668196fc71466cfc5d8705c648153fc03c8	Yarışın uzunluğu atın yaşına əsasən təyin edilir.		1	0	thirties				az	
4330a3785df536c848d80fb034d51d7e18c29edca132b2bc22fd9c96304bf06935f978f0c05c7fce26a8d4568f30cb95108fc78ebbe47e577d6968478c22ad54	common_voice_az_40668527.mp3	01651bf6ab6dbc17ec35b1a036813b6792d4c704e8347ee6fde7b0067493d9ec	İsa qalası indi xarici və yerli turistlər üçün məşhur bir məkandır.		1	0	thirties				az	
4330a3785df536c848d80fb034d51d7e18c29edca132b2bc22fd9c96304bf06935f978f0c05c7fce26a8d4568f30cb95108fc78ebbe47e577d6968478c22ad54	common_voice_az_40668528.mp3	0234f9c415e3c2cdf75d399291dd08445ecc83139201addbc145fd673eddaa73	Etnik tərkibi yalnız türklərdən ibarətdir.		0	0	thirties				az	
4330a3785df536c848d80fb034d51d7e18c29edca132b2bc22fd9c96304bf06935f978f0c05c7fce26a8d4568f30cb95108fc78ebbe47e577d6968478c22ad54	common_voice_az_40668530.mp3	01b792e5519fe55006936afb7f1335e9114ec05bb28598bd92ab0de0be3aa99d	Cizgi seriyasındakı hekayələr Vaşinqton şəhərində baş verir.		1	0	thirties				az	
4330a3785df536c848d80fb034d51d7e18c29edca132b2bc22fd9c96304bf06935f978f0c05c7fce26a8d4568f30cb95108fc78ebbe47e577d6968478c22ad54	common_voice_az_40668531.mp3	01c362d1a3ea706102a61894e6474f029ecc6f57860428de7bb24aa05d761c2b	Hadisələrin ayrı– ayrı tərəflərinə üstünlük verilir.		1	0	thirties				az	
4330a3785df536c848d80fb034d51d7e18c29edca132b2bc22fd9c96304bf06935f978f0c05c7fce26a8d4568f30cb95108fc78ebbe47e577d6968478c22ad54	common_voice_az_40668547.mp3	001fafcb70b0f33584355543afd67de62a59d4624d4df48b0ea46289149349a1	Lətif Kərimovun çəkiliş qrupunda rejissor köməkçisi işləyib.		0	1	thirties				az	
4330a3785df536c848d80fb034d51d7e18c29edca132b2bc22fd9c96304bf06935f978f0c05c7fce26a8d4568f30cb95108fc78ebbe47e577d6968478c22ad54	common_voice_az_40668548.mp3	00c95344ba65bfeaa652d068ef6515472563f961805fb5c0a79f313e40f4fa9b	Bunu bir çox demokratik dövlətlər tətbiq edir.		1	0	thirties				az	
4330a3785df536c848d80fb034d51d7e18c29edca132b2bc22fd9c96304bf06935f978f0c05c7fce26a8d4568f30cb95108fc78ebbe47e577d6968478c22ad54	common_voice_az_40668550.mp3	00f2ce38255d1011b141f5a8bf97b474a6e17cad52c4b495fa060cdf2932dc6d	Bir hissəsi xristiandır.		0	0	thirties				az	
4330a3785df536c848d80fb034d51d7e18c29edca132b2bc22fd9c96304bf06935f978f0c05c7fce26a8d4568f30cb95108fc78ebbe47e577d6968478c22ad54	common_voice_az_40679289.mp3	01c3981c48153d01bc51139658a1c4b95038735176fadd3407c622083c091def	İbtidai təhsilini Kəmərli kəndində almışdır.		0	0	thirties				az	
4330a3785df536c848d80fb034d51d7e18c29edca132b2bc22fd9c96304bf06935f978f0c05c7fce26a8d4568f30cb95108fc78ebbe47e577d6968478c22ad54	common_voice_az_40679290.mp3	00e89349ca9f62e3bc3400707868f85a0ddaec53dbd550b1357614e6de374886	O da əmisi Cavanşir kimi Ərəb Xilafətinin vassalı olmağı qəbul etdi.		0	0	thirties				az	
4330a3785df536c848d80fb034d51d7e18c29edca132b2bc22fd9c96304bf06935f978f0c05c7fce26a8d4568f30cb95108fc78ebbe47e577d6968478c22ad54	common_voice_az_40679291.mp3	0027876f3b50de17405ae0dfc848d10763d81f4132907c55c9e6062f4f8f8760	Qanun miniatür sənət əsərlərində də öz əksini tapmışdır.		0	1	thirties				az	
4330a3785df536c848d80fb034d51d7e18c29edca132b2bc22fd9c96304bf06935f978f0c05c7fce26a8d4568f30cb95108fc78ebbe47e577d6968478c22ad54	common_voice_az_40679292.mp3	025643cb2fbcb24de229e28935a3252a9b44741c4ef5e9b36ca7e66751097f7a	Şəhər mühüm tarixi əhəmiyyətə malik strateji mövqedə yerləşir.		1	0	thirties				az	
4330a3785df536c848d80fb034d51d7e18c29edca132b2bc22fd9c96304bf06935f978f0c05c7fce26a8d4568f30cb95108fc78ebbe47e577d6968478c22ad54	common_voice_az_40679293.mp3	024e86a1ad07a464e3591928947653d35dd7706affa0e0273b6c7ee9f4d751b4	Nəticədə Aleksandr Menşikov vəzifədən alındı.		0	0	thirties				az	
4330a3785df536c848d80fb034d51d7e18c29edca132b2bc22fd9c96304bf06935f978f0c05c7fce26a8d4568f30cb95108fc78ebbe47e577d6968478c22ad54	common_voice_az_40679304.mp3	0044463b4a10493caff36a61018b67eb43b8edbeb349664620dd8af9c561aa69	Qorunması məqsədilə xüsusi olaraq qəbul edilmiş tədbirlər mövcud deyil.		1	0	thirties				az	
4330a3785df536c848d80fb034d51d7e18c29edca132b2bc22fd9c96304bf06935f978f0c05c7fce26a8d4568f30cb95108fc78ebbe47e577d6968478c22ad54	common_voice_az_40679307.mp3	003f1d5bde4c0d70e67a97822d616e004762c1e1ef2559b5d016e59b7c380ba9	Onların yalnız bəziləri təslim olmaq istəmirdi.		0	0	thirties				az	
4330a3785df536c848d80fb034d51d7e18c29edca132b2bc22fd9c96304bf06935f978f0c05c7fce26a8d4568f30cb95108fc78ebbe47e577d6968478c22ad54	common_voice_az_40679309.mp3	00cf5439872de9300421d0a3ea6a169b1ce5ec0067df7fbfa80baa7b58f5422d	İkinci Dünya müharibəsi başlananda ikinci kursda ikən səfərbərliyə alınıb cəbhəyə göndərilmişdir.		0	0	thirties				az	
4330a3785df536c848d80fb034d51d7e18c29edca132b2bc22fd9c96304bf06935f978f0c05c7fce26a8d4568f30cb95108fc78ebbe47e577d6968478c22ad54	common_voice_az_40679311.mp3	0033781253035aa54bcfdd6e7c30fecb5f310c5499245225cad63273bf0e7164	Kitab böyük uğur qazanır.		1	0	thirties				az	
4330a3785df536c848d80fb034d51d7e18c29edca132b2bc22fd9c96304bf06935f978f0c05c7fce26a8d4568f30cb95108fc78ebbe47e577d6968478c22ad54	common_voice_az_40679324.mp3	005c7c519a523981f7d7b1415e848838d47d91d971ee3bdddf413b2a005e7698	Təbii düşmən və xəstəlikləri məlum deyildir.		0	0	thirties				az	
4330a3785df536c848d80fb034d51d7e18c29edca132b2bc22fd9c96304bf06935f978f0c05c7fce26a8d4568f30cb95108fc78ebbe47e577d6968478c22ad54	common_voice_az_40679325.mp3	01bfb63f2cfeba1e822ab1e9e2fd80be66fdaf12a51bfe28146f26e8db709c74	Bernar bu filmdə həyat yoldaşı və qızı ilə birlikdə rolda olmuşdur.		1	0	thirties				az	
4330a3785df536c848d80fb034d51d7e18c29edca132b2bc22fd9c96304bf06935f978f0c05c7fce26a8d4568f30cb95108fc78ebbe47e577d6968478c22ad54	common_voice_az_40679326.mp3	0075ba5863efca82c8f3ba5b64ac09a99e6c090993b23f826da9c7bbc787ad8c	İkinci mərtəbəyə keçid üfüqi hissələrin geniş zolağı ilə müşayiət olunur.		0	0	thirties				az	
4330a3785df536c848d80fb034d51d7e18c29edca132b2bc22fd9c96304bf06935f978f0c05c7fce26a8d4568f30cb95108fc78ebbe47e577d6968478c22ad54	common_voice_az_40679327.mp3	013b21bbd60201d625514622d9d0f8a572b744a4ab6bc1ca353859b7794634f8	Bu da rü ə sə sözündən yaranmışdır.		0	0	thirties				az	
4330a3785df536c848d80fb034d51d7e18c29edca132b2bc22fd9c96304bf06935f978f0c05c7fce26a8d4568f30cb95108fc78ebbe47e577d6968478c22ad54	common_voice_az_40679328.mp3	01334e13bdc8953913de388e7368453f76e69476cfc6d8cb9788f58d20396288	Sevil Əliyeva uzun illərdir övladları ilə birgə Londonda yaşayır.		0	0	thirties				az	
4330a3785df536c848d80fb034d51d7e18c29edca132b2bc22fd9c96304bf06935f978f0c05c7fce26a8d4568f30cb95108fc78ebbe47e577d6968478c22ad54	common_voice_az_40679334.mp3	01c747fca6bc838a7eb96ffa9ab0848bc9a58d5d8daafeb9d0f71e051952df26	Burada "Ədəbi Məktublar" adı ilə tanınmış "Ən yeni ədəbiyyat haqda yazılar" jurnalını nəşr etdirir.		1	0	thirties				az	
4330a3785df536c848d80fb034d51d7e18c29edca132b2bc22fd9c96304bf06935f978f0c05c7fce26a8d4568f30cb95108fc78ebbe47e577d6968478c22ad54	common_voice_az_40679335.mp3	01c0add0e9ea7db59e29d393d1e78c790c4562a3ebd7cc38d8b3746f64f32c54	Keçmiş müttəfiqi şirvanşahın köməyinə bel bağlayan Əbu Səid Şirvana doğru hərəkət edir.		0	0	thirties				az	
4330a3785df536c848d80fb034d51d7e18c29edca132b2bc22fd9c96304bf06935f978f0c05c7fce26a8d4568f30cb95108fc78ebbe47e577d6968478c22ad54	common_voice_az_40679338.mp3	023e4d341c6fb7a7243682d47e68d68574fa8282718d5b43d52826745617ded4	Bir ay ərzində mövcud olmuş dövlət beynəlxalq hüquqi tanınmasına nail ola bilmədi.		1	0	thirties				az	
4330a3785df536c848d80fb034d51d7e18c29edca132b2bc22fd9c96304bf06935f978f0c05c7fce26a8d4568f30cb95108fc78ebbe47e577d6968478c22ad54	common_voice_az_40679344.mp3	0102f096f144ec01f94b900ceb0c61d45fe1772923f0db0a8600722cccc968ad	Bir çox filmlərə musiqi bəstələyib.		1	0	thirties				az	
4330a3785df536c848d80fb034d51d7e18c29edca132b2bc22fd9c96304bf06935f978f0c05c7fce26a8d4568f30cb95108fc78ebbe47e577d6968478c22ad54	common_voice_az_40679345.mp3	0202df43e2c4038f8be7a785a6f9483867e83b480f586779dd915cb3ddf86c3c	Stronsium orqanizmə daxil olmasının əsas mənbələri aşağıdakılardır.		1	0	thirties				az	
4330a3785df536c848d80fb034d51d7e18c29edca132b2bc22fd9c96304bf06935f978f0c05c7fce26a8d4568f30cb95108fc78ebbe47e577d6968478c22ad54	common_voice_az_40679349.mp3	010af91cf998468dc85da72cfccfa2bd7ad16276335f9481bf4fb1f0a225d8c2	Cəlairi qoşunları üç ay ərzində Şirvanın şəhər və kəndlərini viran və qarət etdilər.		0	0	thirties				az	
4330a3785df536c848d80fb034d51d7e18c29edca132b2bc22fd9c96304bf06935f978f0c05c7fce26a8d4568f30cb95108fc78ebbe47e577d6968478c22ad54	common_voice_az_40679351.mp3	0187a4dde8cc80d6ec1f646fcc3cf190dc3014b885502ec36f33000929fca242	Amma qazax qızı istəyinə nail olmuşdu.		0	0	thirties				az	
4330a3785df536c848d80fb034d51d7e18c29edca132b2bc22fd9c96304bf06935f978f0c05c7fce26a8d4568f30cb95108fc78ebbe47e577d6968478c22ad54	common_voice_az_40679352.mp3	01c93e09fa104340d4676196d4233bde7b276468072fba6f0a8cb830ad50f0c9	Alət paneli və mərkəzi tunel də dəyişdirildi.		1	0	thirties				az	
4330a3785df536c848d80fb034d51d7e18c29edca132b2bc22fd9c96304bf06935f978f0c05c7fce26a8d4568f30cb95108fc78ebbe47e577d6968478c22ad54	common_voice_az_40679353.mp3	01e17632e4a52709233fff93844c2f648612b7ceddbaeb97513be2a4964bf538	Bu iddiaların tarixi mənşəyi və kökü qədim Roma hüququ ilə bağlıdır.		1	0	thirties				az	
4330a3785df536c848d80fb034d51d7e18c29edca132b2bc22fd9c96304bf06935f978f0c05c7fce26a8d4568f30cb95108fc78ebbe47e577d6968478c22ad54	common_voice_az_40679358.mp3	014c6f54e4ad4053b6f84f07840d066855cae1dc7c4c10338b5f4b75a264397b	Sonrakı dövrlərdə qaşqay sözünün titul mənası da yaranmışdır.		1	0	thirties				az	
4330a3785df536c848d80fb034d51d7e18c29edca132b2bc22fd9c96304bf06935f978f0c05c7fce26a8d4568f30cb95108fc78ebbe47e577d6968478c22ad54	common_voice_az_40679362.mp3	019cf492b6355a64856f7504690bbc70f1b68a2d623c842458cea388dc471e80	Səlimin əsas çalışdığı sahələrdən biri də gənc insanlara yardım etmək idi.		0	0	thirties				az	
4330a3785df536c848d80fb034d51d7e18c29edca132b2bc22fd9c96304bf06935f978f0c05c7fce26a8d4568f30cb95108fc78ebbe47e577d6968478c22ad54	common_voice_az_40679363.mp3	007bbabdaf4ace6ac204109c424a13d6feac05b720db15ad5166f54c67351bcd	Ümumilikdə muzeydə üç mindən çox müxtəlif eksponat təqdim olunur.		1	0	thirties				az	
4330a3785df536c848d80fb034d51d7e18c29edca132b2bc22fd9c96304bf06935f978f0c05c7fce26a8d4568f30cb95108fc78ebbe47e577d6968478c22ad54	common_voice_az_40679365.mp3	01fa38f9c627066165069d868ebd5796f2afa5e5c3abf15725bc5fddb2e6a389	Ömrünün son bir neçə ilini yataqda keçirmişdir.		1	0	thirties				az	
4330a3785df536c848d80fb034d51d7e18c29edca132b2bc22fd9c96304bf06935f978f0c05c7fce26a8d4568f30cb95108fc78ebbe47e577d6968478c22ad54	common_voice_az_40679366.mp3	00d38f761611e6e63723197b751f1addf9bea6c7cbd59c3add2c0a1bda761369	Təyyarəyə aid texniki hesabat kimi rəsmi sənədi öncə çex dilinə tərcümə etmişdir.		1	0	thirties				az	
4330a3785df536c848d80fb034d51d7e18c29edca132b2bc22fd9c96304bf06935f978f0c05c7fce26a8d4568f30cb95108fc78ebbe47e577d6968478c22ad54	common_voice_az_40679368.mp3	01ce4bd1ee133d64856de11c5c88d67d8b01ea0629e39554baa58c919a9a9c59	Gizir məktəbinə bitirdikdən sonra Xüsusi Təyinatlı Qüvvələrin giziri olmuşdur.		0	0	thirties				az	
4330a3785df536c848d80fb034d51d7e18c29edca132b2bc22fd9c96304bf06935f978f0c05c7fce26a8d4568f30cb95108fc78ebbe47e577d6968478c22ad54	common_voice_az_40679369.mp3	00aa33bf573f28dbc462fca4949ba4d338e304218779b8c3288c2d23f24eb5fc	Tədbirdə film nümayiş etdirilib.		1	0	thirties				az	
4330a3785df536c848d80fb034d51d7e18c29edca132b2bc22fd9c96304bf06935f978f0c05c7fce26a8d4568f30cb95108fc78ebbe47e577d6968478c22ad54	common_voice_az_40679370.mp3	02445fdb07c09a17453543403dd74570f69c50e37c3c8ff394bfc0458e1a572f	Adalar qrupu dörd əsas adadan ibarətdir.		1	0	thirties				az	
4330a3785df536c848d80fb034d51d7e18c29edca132b2bc22fd9c96304bf06935f978f0c05c7fce26a8d4568f30cb95108fc78ebbe47e577d6968478c22ad54	common_voice_az_40679376.mp3	000baa890976388197889b66ab7981f02d6f1c50fe35792e4c3a3859473dfb88	Azərbaycandan Cəmşid Naxçıvanski və onun yetişdirdiyi yüzlərlə komandir güllələnmişdir.		1	0	thirties				az	
4330a3785df536c848d80fb034d51d7e18c29edca132b2bc22fd9c96304bf06935f978f0c05c7fce26a8d4568f30cb95108fc78ebbe47e577d6968478c22ad54	common_voice_az_40679377.mp3	00179af1a502438c268216561c29a5e6a4319a08c4edab8f25c6dd5fcabfa8ab	İnformasiya belə bir vasitədir.		0	0	thirties				az	
4330a3785df536c848d80fb034d51d7e18c29edca132b2bc22fd9c96304bf06935f978f0c05c7fce26a8d4568f30cb95108fc78ebbe47e577d6968478c22ad54	common_voice_az_40679379.mp3	02683eb3768da8547b5a9a70d5c8650ec58ce05efaece1e73110589932008b17	Əlini onun əlindən çəkərək getdi.		0	0	thirties				az	
4330a3785df536c848d80fb034d51d7e18c29edca132b2bc22fd9c96304bf06935f978f0c05c7fce26a8d4568f30cb95108fc78ebbe47e577d6968478c22ad54	common_voice_az_40679380.mp3	02680c08ee3ab2c2d38e11d6abaa27f3aa72f6a1b340b7cec72f5e75816be644	Burdan isə Bazardüzü zirvəsinin təpə nöqtəsinə çatmaq.		1	0	thirties				az	
4330a3785df536c848d80fb034d51d7e18c29edca132b2bc22fd9c96304bf06935f978f0c05c7fce26a8d4568f30cb95108fc78ebbe47e577d6968478c22ad54	common_voice_az_40679381.mp3	0159a902009c465fbab97284bbfbad335129c8f62c3567cf5710dd505f90b2c4	Ancaq Herodot onun bu döyüşdən sağ çıxdığını qeyd etmişdir.		0	0	thirties				az	
4330a3785df536c848d80fb034d51d7e18c29edca132b2bc22fd9c96304bf06935f978f0c05c7fce26a8d4568f30cb95108fc78ebbe47e577d6968478c22ad54	common_voice_az_40679387.mp3	0092bf4d59f6c5b09295905948d2e54d9302d5fc9c3a168cc20851363e755288	Lakin mübarizə aparmaq çətindir.		0	0	thirties				az	
4330a3785df536c848d80fb034d51d7e18c29edca132b2bc22fd9c96304bf06935f978f0c05c7fce26a8d4568f30cb95108fc78ebbe47e577d6968478c22ad54	common_voice_az_40679388.mp3	0055995b8655401917a1f0925828b45abe4d69fc1260c53bd99ef57ca6d46f3f	Gələcəkdə bura daxil xalqların soyunun tükənməsi ehtimalı yüksəkdir.		0	0	thirties				az	
4330a3785df536c848d80fb034d51d7e18c29edca132b2bc22fd9c96304bf06935f978f0c05c7fce26a8d4568f30cb95108fc78ebbe47e577d6968478c22ad54	common_voice_az_40679389.mp3	023ac4705c175d1402bf75902ede6ebfd50da315b13a64f3cdff6823cbfa4ea2	Sinir şəbəkələrinin optik xarakter tanıma və maşın görmə vəzifələrinə tətbiqi üzrə işləri ilə tanınır.		0	0	thirties				az	
4330a3785df536c848d80fb034d51d7e18c29edca132b2bc22fd9c96304bf06935f978f0c05c7fce26a8d4568f30cb95108fc78ebbe47e577d6968478c22ad54	common_voice_az_40679390.mp3	00c8433e1708c930a1e13accef4298edcf9be0afe9c697debafae34eaa772862	Gürcüstanı İranda Tehrandakı səfirliyi təmsil edir.		1	0	thirties				az	
4330a3785df536c848d80fb034d51d7e18c29edca132b2bc22fd9c96304bf06935f978f0c05c7fce26a8d4568f30cb95108fc78ebbe47e577d6968478c22ad54	common_voice_az_40679404.mp3	012401d8dd230e3dbc2adcd38a17a6356530bc9a581fb54ef877d7ae098c7744	Suraxanı rayonu Bülbülə qəsəbəsinin Şəhidlər Xiyabanında dəfn olunub.		1	0	thirties				az	
4330a3785df536c848d80fb034d51d7e18c29edca132b2bc22fd9c96304bf06935f978f0c05c7fce26a8d4568f30cb95108fc78ebbe47e577d6968478c22ad54	common_voice_az_40679405.mp3	0189af7063344cd6f812d49ac5bb13350ee8218c03fa38e19ebd9d3bc4a6c245	Elə o vaxtdan onun qəbri müqəddəs bir ziyarətgah kimi məşhurlaşmışdır.		0	0	thirties				az	
4330a3785df536c848d80fb034d51d7e18c29edca132b2bc22fd9c96304bf06935f978f0c05c7fce26a8d4568f30cb95108fc78ebbe47e577d6968478c22ad54	common_voice_az_40679406.mp3	00c427defc6a2d39ff07fd29b73871eee0a89db2ee5ca73d2baa4d1de844903a	Abutalıb həm də milli muğam ifaçılığı üsuluna möhkəm yiyələnmiş sənətkar idi.		0	0	thirties				az	
4330a3785df536c848d80fb034d51d7e18c29edca132b2bc22fd9c96304bf06935f978f0c05c7fce26a8d4568f30cb95108fc78ebbe47e577d6968478c22ad54	common_voice_az_40679407.mp3	008c96e2f8a44d6585185b08612636e346fcd0097b42188f6ded85acb29b51c5	Bu ölkədə yaşanan kəskin iqtisadi böhran fonunda hakimiyyətə Adolf Hitler gəldi.		1	0	thirties				az	
4330a3785df536c848d80fb034d51d7e18c29edca132b2bc22fd9c96304bf06935f978f0c05c7fce26a8d4568f30cb95108fc78ebbe47e577d6968478c22ad54	common_voice_az_40679408.mp3	017c6b5b0f452485c08ef37fd27a517d3b566a50dcea609fd5c4b09dae24480d	Bunu başlanğıc forma qəbul edək.		0	0	thirties				az	
4330a3785df536c848d80fb034d51d7e18c29edca132b2bc22fd9c96304bf06935f978f0c05c7fce26a8d4568f30cb95108fc78ebbe47e577d6968478c22ad54	common_voice_az_40679421.mp3	0253f9b0787a9a9e81776816b97533d9017dd4faf89ec9acb5a3a6ebed54e8ce	Bundan başqa Azərbaycan televiziyasında bir çox yumoristik verilişlər yayımlanmışdır.		1	0	thirties				az	
4330a3785df536c848d80fb034d51d7e18c29edca132b2bc22fd9c96304bf06935f978f0c05c7fce26a8d4568f30cb95108fc78ebbe47e577d6968478c22ad54	common_voice_az_40679423.mp3	028d64ed8047d04a114bce0bbd2c3db20f38693783bb2cc0aac2c0d479aa5c42	Az bir hissəsi isə məskunlaşdıqları rayonlarda qalmışlar.		0	0	thirties				az	
4330a3785df536c848d80fb034d51d7e18c29edca132b2bc22fd9c96304bf06935f978f0c05c7fce26a8d4568f30cb95108fc78ebbe47e577d6968478c22ad54	common_voice_az_40679424.mp3	0023929780e17326b0b4c54ed0daf350ebb0d0881251646da334d44e9e549fc3	Bunların bir çoxunun müdafiə məqsədi daşıması heç də onların məbəd təyinatına zidd gəlmir.		1	0	thirties				az	
4330a3785df536c848d80fb034d51d7e18c29edca132b2bc22fd9c96304bf06935f978f0c05c7fce26a8d4568f30cb95108fc78ebbe47e577d6968478c22ad54	common_voice_az_40679426.mp3	003eb188338facac39d53b9924a883c2507b46489aa1148f833011fad10cb491	Nauru həmçinin üzgüçülük və yüngül atletika üzrə də idmançı göndərə bilərdi.		1	0	thirties				az	
4330a3785df536c848d80fb034d51d7e18c29edca132b2bc22fd9c96304bf06935f978f0c05c7fce26a8d4568f30cb95108fc78ebbe47e577d6968478c22ad54	common_voice_az_40679460.mp3	011b4b208bea4b8956c9759e0cdd90161f1c11e2146ede4bdbb7bde0d99a248c	Əvvəlcə həkim zədələnmiş dişin kanalını işləyir və yoluxmuş toxumaları kənar edir.		1	0	thirties				az	
4330a3785df536c848d80fb034d51d7e18c29edca132b2bc22fd9c96304bf06935f978f0c05c7fce26a8d4568f30cb95108fc78ebbe47e577d6968478c22ad54	common_voice_az_40679462.mp3	0040530da1f0dd4537b0562bdf44656d374dffb65872571f4bc0ccd59f39c80d	Sarabski öz rolunu böyük məharətlə oynadı.		1	0	thirties				az	
4330a3785df536c848d80fb034d51d7e18c29edca132b2bc22fd9c96304bf06935f978f0c05c7fce26a8d4568f30cb95108fc78ebbe47e577d6968478c22ad54	common_voice_az_40679463.mp3	0206133685dc55f0bf04fd3193855d4a5930ee1faf32cedfedf672d98875ac73	Sovet hakimiyyəti illərində neft yataqlarının aşkar edilməsi ilə əlaqədar yaranmışdır.		0	0	thirties				az	
4330a3785df536c848d80fb034d51d7e18c29edca132b2bc22fd9c96304bf06935f978f0c05c7fce26a8d4568f30cb95108fc78ebbe47e577d6968478c22ad54	common_voice_az_40679465.mp3	01eec37adfb803b45f065e93e785f2e28b278070e4e82d29a5bee26771dda6c6	Onlar bölgənin yerli xalqlarından biridir.		1	0	thirties				az	
4330a3785df536c848d80fb034d51d7e18c29edca132b2bc22fd9c96304bf06935f978f0c05c7fce26a8d4568f30cb95108fc78ebbe47e577d6968478c22ad54	common_voice_az_40679466.mp3	024c5911047edfe191f09e0e0ec916d0232ee2e9801ea676a9de6fbaff1dd321	Türkiyə milli futbol komandasının qapıçısı.		1	0	thirties				az	
4330a3785df536c848d80fb034d51d7e18c29edca132b2bc22fd9c96304bf06935f978f0c05c7fce26a8d4568f30cb95108fc78ebbe47e577d6968478c22ad54	common_voice_az_40679476.mp3	01a21d6f729536880d9baa4a4d1550dcc9483fcfb328c844411d048be42613d3	Polşa ordusu da paşanı və onun qoşunlarını mühasirəyə aldı.		1	0	thirties				az	
4330a3785df536c848d80fb034d51d7e18c29edca132b2bc22fd9c96304bf06935f978f0c05c7fce26a8d4568f30cb95108fc78ebbe47e577d6968478c22ad54	common_voice_az_40679479.mp3	027f5065f4119fdbb6dbee5ae425665e1de7c8dac1f5d369994a6fcf9cd21f9d	Vətənimizin cəsur övladları qəhrəmancasına həlak oldular.		0	1	thirties				az	
4330a3785df536c848d80fb034d51d7e18c29edca132b2bc22fd9c96304bf06935f978f0c05c7fce26a8d4568f30cb95108fc78ebbe47e577d6968478c22ad54	common_voice_az_40679480.mp3	00df655f6c91387f44631c35608983a134915d0f6accb5a6aef1a082eea2bbbd	Köhnə Yasamal qəbiristanlığında torpağa tapşırılıb.		0	0	thirties				az	
4330a3785df536c848d80fb034d51d7e18c29edca132b2bc22fd9c96304bf06935f978f0c05c7fce26a8d4568f30cb95108fc78ebbe47e577d6968478c22ad54	common_voice_az_40679492.mp3	01fd2b390231ebf89ee58d05ae17697f05714ecf12076883d2c75e20acdb347f	Göy üzündə Canavar bürcü istiqamətində yerləşir.		0	1	thirties				az	
4330a3785df536c848d80fb034d51d7e18c29edca132b2bc22fd9c96304bf06935f978f0c05c7fce26a8d4568f30cb95108fc78ebbe47e577d6968478c22ad54	common_voice_az_40679494.mp3	0226e81213ddf1287ed4394bfe5534b0b8ce797538338ba0799f9da9957ea022	Bu məqsədlə Şuşaya nümayəndə heyəti göndərilmişdi.		0	0	thirties				az	
4330a3785df536c848d80fb034d51d7e18c29edca132b2bc22fd9c96304bf06935f978f0c05c7fce26a8d4568f30cb95108fc78ebbe47e577d6968478c22ad54	common_voice_az_40679495.mp3	023658e602f2f0a4523acd59ca85b01a395223e2952a8b7abe48d5964e938431	Ədəbi fəaliyyətə erkən başlamışdır.		1	0	thirties				az	
4330a3785df536c848d80fb034d51d7e18c29edca132b2bc22fd9c96304bf06935f978f0c05c7fce26a8d4568f30cb95108fc78ebbe47e577d6968478c22ad54	common_voice_az_40679507.mp3	02516dcf53722686ef42753fe1cab1b6b00c16baea54bc5ab5e658a0b4bea644	Ərazi vahidi öz statusunu qorumuşdur.		0	0	thirties				az	
4330a3785df536c848d80fb034d51d7e18c29edca132b2bc22fd9c96304bf06935f978f0c05c7fce26a8d4568f30cb95108fc78ebbe47e577d6968478c22ad54	common_voice_az_40679508.mp3	0178bdce2f933f0cb81ddee0d4a78d59b69adb0639401f6c49df818a6104810e	Bənnalar da divar çəkir hər yana,Axşamacan danışırlar əfsana.		1	0	thirties				az	
4330a3785df536c848d80fb034d51d7e18c29edca132b2bc22fd9c96304bf06935f978f0c05c7fce26a8d4568f30cb95108fc78ebbe47e577d6968478c22ad54	common_voice_az_40679509.mp3	0244068a784ac3eb053164a535a4c6edc8b07aa3127ac01ca3aec848b5341d7d	Hər iki əsər azərbaycan və ingilis dillərinə tərcümə edilir.		1	0	thirties				az	
4330a3785df536c848d80fb034d51d7e18c29edca132b2bc22fd9c96304bf06935f978f0c05c7fce26a8d4568f30cb95108fc78ebbe47e577d6968478c22ad54	common_voice_az_40679511.mp3	00a4cc8e0d30b83e30e4a2598b5aa0fd6fc35165beb8b76d33979262921f3309	Bununla Qədim Misir tarixində ikinci aralıq dövr başladı.		0	0	thirties				az	
4330a3785df536c848d80fb034d51d7e18c29edca132b2bc22fd9c96304bf06935f978f0c05c7fce26a8d4568f30cb95108fc78ebbe47e577d6968478c22ad54	common_voice_az_40679531.mp3	02518260f45c307a69b9defb4c9c381a3841bcc09ab14c735efb83b5ff0770a4	Öz iyesi olaraq da bilinər.		0	0	thirties				az	
4330a3785df536c848d80fb034d51d7e18c29edca132b2bc22fd9c96304bf06935f978f0c05c7fce26a8d4568f30cb95108fc78ebbe47e577d6968478c22ad54	common_voice_az_40679532.mp3	008250ebff0d9160ed2dbeba7572bded5a75cb5498e8e58dc18aa508afbae50f	Bu hissələr oyunun gedişində getdikcə çətinləşir və əlavə "zəif nöqtələr" əlavə edilir.		1	0	thirties				az	
4330a3785df536c848d80fb034d51d7e18c29edca132b2bc22fd9c96304bf06935f978f0c05c7fce26a8d4568f30cb95108fc78ebbe47e577d6968478c22ad54	common_voice_az_40679533.mp3	0215ebc3700546439a9d47af42c95564e12aceb3d86b0a6da22a2230899113ab	Bu dövrün digər bir xüsusiyyəti miqrasiya axınlarının coğrafiyasında olan dəyişikliklərlə bağlıdır.		0	0	thirties				az	
4330a3785df536c848d80fb034d51d7e18c29edca132b2bc22fd9c96304bf06935f978f0c05c7fce26a8d4568f30cb95108fc78ebbe47e577d6968478c22ad54	common_voice_az_40679534.mp3	00616278da9c54e67f5cf871951f12b3e97f3fe8f6079ee78c3da255cb8b8851	Piano və rəsmə güclü meyli vardı.		0	0	thirties				az	
4330a3785df536c848d80fb034d51d7e18c29edca132b2bc22fd9c96304bf06935f978f0c05c7fce26a8d4568f30cb95108fc78ebbe47e577d6968478c22ad54	common_voice_az_40679536.mp3	00a26645fccc16fcb7cb5b7eb473a162a4e9817aa82c21a2c045866115b7c422	Buzlaq Los Buzlaqları Milli Parkının və bütün Argentinanın əsas görməli yerlərindən biridir.		1	0	thirties				az	
4330a3785df536c848d80fb034d51d7e18c29edca132b2bc22fd9c96304bf06935f978f0c05c7fce26a8d4568f30cb95108fc78ebbe47e577d6968478c22ad54	common_voice_az_40699283.mp3	027bf66cc907c615b55bb078f581d6182a5bb2258032ce7bfdb6eb4ef985c768	Çünki plazma texnologiyası geniş ekran istehsalına daha əlverişli idi.		1	0	thirties				az	
4330a3785df536c848d80fb034d51d7e18c29edca132b2bc22fd9c96304bf06935f978f0c05c7fce26a8d4568f30cb95108fc78ebbe47e577d6968478c22ad54	common_voice_az_40699285.mp3	0250281b91ee7e8d0003409c5771d8b853a0a2146d3ece4deb0254f55cafb356	İlk Forum yeni əsrdə təhsilin məqsədlərini və aktual problemlərini müəyyənləşdirmişdir.		1	0	thirties				az	
4330a3785df536c848d80fb034d51d7e18c29edca132b2bc22fd9c96304bf06935f978f0c05c7fce26a8d4568f30cb95108fc78ebbe47e577d6968478c22ad54	common_voice_az_40699286.mp3	017322b0b2d3d797ee88592cfb6d5e106b9f814a8d3c25fc94e477ee784cb14c	Institutu hərbi tərcüməçi kimi bitirdikdən sonra ona leytenant rütbəsi və hərbi bilet verildi.		0	0	thirties				az	
4330a3785df536c848d80fb034d51d7e18c29edca132b2bc22fd9c96304bf06935f978f0c05c7fce26a8d4568f30cb95108fc78ebbe47e577d6968478c22ad54	common_voice_az_40699287.mp3	00dac5aa044aa8b63357b1a6d9e53de5a42d3cc09cee10e4152e7c2a92803b85	Arxipelaqın şelf ərazisində neft və qaz ehtiyatının olması ehtimal edilir.		1	0	thirties				az	
4330a3785df536c848d80fb034d51d7e18c29edca132b2bc22fd9c96304bf06935f978f0c05c7fce26a8d4568f30cb95108fc78ebbe47e577d6968478c22ad54	common_voice_az_40699288.mp3	0170ce5596302cb4e199f3ed734b51803cba341ddb6b50cdd22b2061b5a6125a	Sürgün hökümətinin Polşanın şərq sərhədlərini müharibədən əvvəlki kimi saxlaması mümkünsüz görünürdü.		0	0	thirties				az	
4330a3785df536c848d80fb034d51d7e18c29edca132b2bc22fd9c96304bf06935f978f0c05c7fce26a8d4568f30cb95108fc78ebbe47e577d6968478c22ad54	common_voice_az_40699299.mp3	01871bad6fe3d2473e00d857afdb74df7ff78f61210911a421a9327564cdb874	Quyruqları isə iki dəfə böyükdür.		0	0	thirties				az	
4330a3785df536c848d80fb034d51d7e18c29edca132b2bc22fd9c96304bf06935f978f0c05c7fce26a8d4568f30cb95108fc78ebbe47e577d6968478c22ad54	common_voice_az_40699300.mp3	027054bcc005d22ae0e9cd60e338485b1b31bfb2ce9286e21920b1a61a42db8e	Şəhər iki vacib hissəyə bölünmüşdür.		1	0	thirties				az	
4330a3785df536c848d80fb034d51d7e18c29edca132b2bc22fd9c96304bf06935f978f0c05c7fce26a8d4568f30cb95108fc78ebbe47e577d6968478c22ad54	common_voice_az_40699303.mp3	02a37282432fdb24dbb61c5d7714f8ed7b16226b8c706739212250d1f966d067	Savadlılıq üzrə Beynəlxalq Məsləhətçi Əlaqələr Komitəsinin üzvü kimi çalışmışdır.		1	0	thirties				az	
4330a3785df536c848d80fb034d51d7e18c29edca132b2bc22fd9c96304bf06935f978f0c05c7fce26a8d4568f30cb95108fc78ebbe47e577d6968478c22ad54	common_voice_az_40699314.mp3	0161a5ad094bf75eeac112e697188c3d17f5b371ad57d0a3b8389aeef9268221	Digər bir krater isə qalanın içində yerləşir və onun içi bulaq suyu ilə doludur.		0	0	thirties				az	
4330a3785df536c848d80fb034d51d7e18c29edca132b2bc22fd9c96304bf06935f978f0c05c7fce26a8d4568f30cb95108fc78ebbe47e577d6968478c22ad54	common_voice_az_40699315.mp3	00e4c2c87f181d90fefd0e70e8bcd8ed4180a921ebb52ce89fbc3f3f6ffca281	Öz adını yaxınlığında yerləşən kəndin adından götürmüşdür.		1	0	thirties				az	
4330a3785df536c848d80fb034d51d7e18c29edca132b2bc22fd9c96304bf06935f978f0c05c7fce26a8d4568f30cb95108fc78ebbe47e577d6968478c22ad54	common_voice_az_40699316.mp3	021bc2f5b945e67b83bc2f2506d0d20029ac67a12591b8e50aab10d6c10337b3	Populyasiyanın təbii bərpasının zəif olması və sayının azalması müşahidə olunur.		0	0	thirties				az	
4330a3785df536c848d80fb034d51d7e18c29edca132b2bc22fd9c96304bf06935f978f0c05c7fce26a8d4568f30cb95108fc78ebbe47e577d6968478c22ad54	common_voice_az_40699318.mp3	011c1f0f28a3b58ff640bc3c0078cb98b90bdc43c2ff312f7601c5827f250f9f	Bu dərmanlar Sizin mədənin selikli qişasının daha tez bərpa olunmasına kömək edəcəkdir.		1	0	thirties				az	
4330a3785df536c848d80fb034d51d7e18c29edca132b2bc22fd9c96304bf06935f978f0c05c7fce26a8d4568f30cb95108fc78ebbe47e577d6968478c22ad54	common_voice_az_40699319.mp3	02685bf3f47bcb4e6d96114fd697a435881f3caa7e2a0cfe03cedbab307f5b25	Tarixi mənbələrdən Atabəylər memarlıq kompleksinə mədrəsənin daxil olması bəllidir.		1	0	thirties				az	
4330a3785df536c848d80fb034d51d7e18c29edca132b2bc22fd9c96304bf06935f978f0c05c7fce26a8d4568f30cb95108fc78ebbe47e577d6968478c22ad54	common_voice_az_40699334.mp3	02a77180162404d86624b94353c347ef7bdab3fe182102a1f189da2ffe4158b2	Bəsrə rayonunda İran sərhədlərinə yaxın əraziyə bir neçə ingilis diviziyası yerləşdirildi.		0	0	thirties				az	
4330a3785df536c848d80fb034d51d7e18c29edca132b2bc22fd9c96304bf06935f978f0c05c7fce26a8d4568f30cb95108fc78ebbe47e577d6968478c22ad54	common_voice_az_40699335.mp3	0287238eaa1d04188f34813dfdc5a92933701e00a6da5799e78c62b185cff2ed	Lakin kəndlilərin bu tələbi qəbul edilmədi.		1	0	thirties				az	
4330a3785df536c848d80fb034d51d7e18c29edca132b2bc22fd9c96304bf06935f978f0c05c7fce26a8d4568f30cb95108fc78ebbe47e577d6968478c22ad54	common_voice_az_40699337.mp3	0244310d38522aae2628c2948f21bb87e1f6636e6b89b789e82be0f056ac741a	Estoniya milli futbol komandası və "Flora Tallin" futbol klubu ev oyunlarını bu stadionda keçirir.		1	0	thirties				az	
4330a3785df536c848d80fb034d51d7e18c29edca132b2bc22fd9c96304bf06935f978f0c05c7fce26a8d4568f30cb95108fc78ebbe47e577d6968478c22ad54	common_voice_az_40699338.mp3	015bf57bd87fbe58a6efb21c28ab5a20b51314c5f82a639167a82d3a755ff7aa	O Monako ilə birgə yalnızca beynəlxalq yarışlarda uğur əldə etdi.		1	0	thirties				az	
4330a3785df536c848d80fb034d51d7e18c29edca132b2bc22fd9c96304bf06935f978f0c05c7fce26a8d4568f30cb95108fc78ebbe47e577d6968478c22ad54	common_voice_az_40699344.mp3	0191f865ea2dbfe5a399d04a02390cc45a54d546de44d6b515fd463b85db200c	Bütün yaradıcı heyət mükafata layiq görülür.		1	0	thirties				az	
4330a3785df536c848d80fb034d51d7e18c29edca132b2bc22fd9c96304bf06935f978f0c05c7fce26a8d4568f30cb95108fc78ebbe47e577d6968478c22ad54	common_voice_az_40699345.mp3	011ae0368ce76254ba090b744533ee31424371e2a34e2cade465b415fc1835c6	Appalaç dağlarının heyvanlar aləmi rəngarəngdir.		0	0	thirties				az	
4330a3785df536c848d80fb034d51d7e18c29edca132b2bc22fd9c96304bf06935f978f0c05c7fce26a8d4568f30cb95108fc78ebbe47e577d6968478c22ad54	common_voice_az_40699347.mp3	02334750f28165397f24190f0d2c053410223ebad73b085c5e7037c59be63126	Azərbaycanın istiqlal mübarizəsinin fəal iştirakçılarından biri.		1	0	thirties				az	
4330a3785df536c848d80fb034d51d7e18c29edca132b2bc22fd9c96304bf06935f978f0c05c7fce26a8d4568f30cb95108fc78ebbe47e577d6968478c22ad54	common_voice_az_40699349.mp3	026bed06c27c3102ab4b013c15257cb67c148040486fe9c672752bfe7a989dca	İsayev və başqaları var.		0	0	thirties				az	
4330a3785df536c848d80fb034d51d7e18c29edca132b2bc22fd9c96304bf06935f978f0c05c7fce26a8d4568f30cb95108fc78ebbe47e577d6968478c22ad54	common_voice_az_40699350.mp3	01803820873e7b2c886183dc95fcf98fc3122de3ea02811221f56aab89f9fa95	Bu işlər mürəkkəb radikallar nəzəriyyəsinin təməlini qoymuşdu.		0	0	thirties				az	
4330a3785df536c848d80fb034d51d7e18c29edca132b2bc22fd9c96304bf06935f978f0c05c7fce26a8d4568f30cb95108fc78ebbe47e577d6968478c22ad54	common_voice_az_40699353.mp3	02825eeb1cbb521b9af501cbd058fa2d542709d6edda6f0de844ecc9beedf03e	Qusar yasaqlığı yaradılmışdır.		0	0	thirties				az	
4330a3785df536c848d80fb034d51d7e18c29edca132b2bc22fd9c96304bf06935f978f0c05c7fce26a8d4568f30cb95108fc78ebbe47e577d6968478c22ad54	common_voice_az_40699366.mp3	01195b319228a01142af9464f06da57bf4154035a3bb6a862c7f7da6f53e3383	Eyni vəziyyət Osmanlılar üçün də mövcud idi.		1	0	thirties				az	
4330a3785df536c848d80fb034d51d7e18c29edca132b2bc22fd9c96304bf06935f978f0c05c7fce26a8d4568f30cb95108fc78ebbe47e577d6968478c22ad54	common_voice_az_40699367.mp3	01c7be77012c98c2b59bb012108e0a02bb3316725e7ecb6f2836e218dab0e6a6	Hazırda Bakı Slavyan Universitetinin Müasir rus dili kafedrasının dosenti vəzifəsində çalışır.		1	0	thirties				az	
4330a3785df536c848d80fb034d51d7e18c29edca132b2bc22fd9c96304bf06935f978f0c05c7fce26a8d4568f30cb95108fc78ebbe47e577d6968478c22ad54	common_voice_az_40699368.mp3	0221493286fa167c33430495b6e622a11af8404f1f320ddb0616ac716154d7ce	İqtisadiyyatın nəqliyyat kimi bəzi sahələri də artmaqdadır.		1	0	thirties				az	
4330a3785df536c848d80fb034d51d7e18c29edca132b2bc22fd9c96304bf06935f978f0c05c7fce26a8d4568f30cb95108fc78ebbe47e577d6968478c22ad54	common_voice_az_40699375.mp3	027b46ee95611fa71f88bb617328f1dfd256a65413479648d19fe48931c32b5e	Əjdər odu ilə Zümrüd quşunun gücünü birləşdirir.		1	0	thirties				az	
4330a3785df536c848d80fb034d51d7e18c29edca132b2bc22fd9c96304bf06935f978f0c05c7fce26a8d4568f30cb95108fc78ebbe47e577d6968478c22ad54	common_voice_az_40699384.mp3	007d755030140b6ec627bc69f5c0dff65ef33241713a5d89877cc475fe5b1772	Bundan başqa imperatriça Anna Gizli Tədqiqat komitəsini yenidən qurdu.		0	0	thirties				az	
4330a3785df536c848d80fb034d51d7e18c29edca132b2bc22fd9c96304bf06935f978f0c05c7fce26a8d4568f30cb95108fc78ebbe47e577d6968478c22ad54	common_voice_az_40699385.mp3	0275388e552f995ff7fe2e300772ea4a8feaf2c3d9af56a61d8a15ae37ef7a37	Sibir.		1	0	thirties				az	
4330a3785df536c848d80fb034d51d7e18c29edca132b2bc22fd9c96304bf06935f978f0c05c7fce26a8d4568f30cb95108fc78ebbe47e577d6968478c22ad54	common_voice_az_40699386.mp3	0286eae017487c37a53298b16f7a6e4bc03ebb9a215169e1cb34570139763c13	Polşa Almaniya sərhəddində uzun məsafədə uzanır.		1	0	thirties				az	
4330a3785df536c848d80fb034d51d7e18c29edca132b2bc22fd9c96304bf06935f978f0c05c7fce26a8d4568f30cb95108fc78ebbe47e577d6968478c22ad54	common_voice_az_40699387.mp3	012304ce61768dadfc2bb8922895fe6dfda1641077101d3e288cc7fe2145d186	Yetkinlik yaşına çatandan sonra bir neçə dəfə kral naibi kimi öz atasını əvəz etmişdir.		1	0	thirties				az	
4330a3785df536c848d80fb034d51d7e18c29edca132b2bc22fd9c96304bf06935f978f0c05c7fce26a8d4568f30cb95108fc78ebbe47e577d6968478c22ad54	common_voice_az_40734683.mp3	02c1fbebb09ead097b3a13f9073c88f3b94027fc8250b75bf2c79bb94702aee4	Model özünəməxsus bir idrak vasitəsidir.		1	0	thirties				az	
4330a3785df536c848d80fb034d51d7e18c29edca132b2bc22fd9c96304bf06935f978f0c05c7fce26a8d4568f30cb95108fc78ebbe47e577d6968478c22ad54	common_voice_az_40734686.mp3	0286a85cf22e6f9344b07df86296bf8d94a59511f58fea5f8b1db33fb9061259	Bu illərdə adını dəyişərək Leyla qoydu.		0	0	thirties				az	
4330a3785df536c848d80fb034d51d7e18c29edca132b2bc22fd9c96304bf06935f978f0c05c7fce26a8d4568f30cb95108fc78ebbe47e577d6968478c22ad54	common_voice_az_40734733.mp3	01203db4d1692614d6e1975453bfb310932fb78c639885f328ebb574c85a67f3	Təşkilat ayrıca "The Final Call" qəzetini nəşr etdirir.		0	0	thirties				az	
4330a3785df536c848d80fb034d51d7e18c29edca132b2bc22fd9c96304bf06935f978f0c05c7fce26a8d4568f30cb95108fc78ebbe47e577d6968478c22ad54	common_voice_az_40734734.mp3	00f0a7725e1c5cd9088756b8996316e9524d2264e06ab317e55c5abe687a317d	Bitkidən daxili xəstəliklərin müalicəsində də istifadə olunur.		1	0	thirties				az	
4330a3785df536c848d80fb034d51d7e18c29edca132b2bc22fd9c96304bf06935f978f0c05c7fce26a8d4568f30cb95108fc78ebbe47e577d6968478c22ad54	common_voice_az_40734735.mp3	023b0022ffa98ff43de365e22628bc048597d93372e6a9e00cdd79c37675dbf4	İstifadə olunmuş oksigen ürəyə qayıdır.		0	0	thirties				az	
4330a3785df536c848d80fb034d51d7e18c29edca132b2bc22fd9c96304bf06935f978f0c05c7fce26a8d4568f30cb95108fc78ebbe47e577d6968478c22ad54	common_voice_az_40734753.mp3	0291fcec1b82104c857ebe01b33e527d8ba69190388fa58d2d9db8a27ffadfa4	Orta və yüksək dağlıq əraziyə xas olan relyefə malikdir.		1	0	thirties				az	
4330a3785df536c848d80fb034d51d7e18c29edca132b2bc22fd9c96304bf06935f978f0c05c7fce26a8d4568f30cb95108fc78ebbe47e577d6968478c22ad54	common_voice_az_40734755.mp3	0068472a1c8e89d4dd7646890e34dd6ab66e829a0f0fafc8ce4ac7aa0291a396	Bu qurşaqda dünya əhəmiyyətli olan polimetal yataqları vardır.		1	1	thirties				az	
4330a3785df536c848d80fb034d51d7e18c29edca132b2bc22fd9c96304bf06935f978f0c05c7fce26a8d4568f30cb95108fc78ebbe47e577d6968478c22ad54	common_voice_az_40734756.mp3	02346f44584af9cf37ae95b5861001e77f42104c97923119a1dffa40dc94c018	Yerüstü orqanizmlər üçün bu hər şeydən əvvəl rütubət hesab olunur.		1	0	thirties				az	
4330a3785df536c848d80fb034d51d7e18c29edca132b2bc22fd9c96304bf06935f978f0c05c7fce26a8d4568f30cb95108fc78ebbe47e577d6968478c22ad54	common_voice_az_40734778.mp3	01acef480140286a2a5665363089925b46b2d8b73624952ce8e0e3f0d07cb31d	Sonra isə yenə yavaş sürətlə aşağıya endi.		0	0	thirties				az	
4330a3785df536c848d80fb034d51d7e18c29edca132b2bc22fd9c96304bf06935f978f0c05c7fce26a8d4568f30cb95108fc78ebbe47e577d6968478c22ad54	common_voice_az_40734779.mp3	02a01626c8d784ad7d829ce385b11c1353332ea682ba5f84949b7fbf08d679f2	Əhalinin etnik tərkibi müxtəlifdir.		1	0	thirties				az	
4330a3785df536c848d80fb034d51d7e18c29edca132b2bc22fd9c96304bf06935f978f0c05c7fce26a8d4568f30cb95108fc78ebbe47e577d6968478c22ad54	common_voice_az_40734780.mp3	00d9d15bbb0ef34fb99b4127e46c8790e045619760ccfe890e560cf2a2c2e69f	Bəzi qruplarda cinsi proses məlumdur.		1	0	thirties				az	
4330a3785df536c848d80fb034d51d7e18c29edca132b2bc22fd9c96304bf06935f978f0c05c7fce26a8d4568f30cb95108fc78ebbe47e577d6968478c22ad54	common_voice_az_40734781.mp3	0253b1bc5cbbf7def3d576ff98d953686d390b435ae2cc43e8945137d6d063ab	Hər iki ordu darmadağın edildi.		0	0	thirties				az	
4330a3785df536c848d80fb034d51d7e18c29edca132b2bc22fd9c96304bf06935f978f0c05c7fce26a8d4568f30cb95108fc78ebbe47e577d6968478c22ad54	common_voice_az_40734807.mp3	02472cd15f07fea516f814d70c7c327788ef3d060da9c2e0aeb3e4a770b0c07d	Po keçmişi ilə bağlı qorxunc bir sirr ilə rastlaşır və Şen bununla birbaşa bağlıdır.		0	0	thirties				az	
4330a3785df536c848d80fb034d51d7e18c29edca132b2bc22fd9c96304bf06935f978f0c05c7fce26a8d4568f30cb95108fc78ebbe47e577d6968478c22ad54	common_voice_az_40734808.mp3	020b18b9f9722c49907c4860e39242c64688bd97c2ebfe468a9d4e6694319f67	Rəssam respublika və beynəlxalq sərgilərin dövrü mətbuatda işıqlandırılması sahəsində iştirak etmişdir.		1	0	thirties				az	
4330a3785df536c848d80fb034d51d7e18c29edca132b2bc22fd9c96304bf06935f978f0c05c7fce26a8d4568f30cb95108fc78ebbe47e577d6968478c22ad54	common_voice_az_40734809.mp3	028528071d3935a22461c962b5b789ec6230f36885a2b771019abd7dce3988b5	Kəndlərdə naxış açma ilə adətən qız və qadınlar məşğul olurlar.		1	0	thirties				az	
4330a3785df536c848d80fb034d51d7e18c29edca132b2bc22fd9c96304bf06935f978f0c05c7fce26a8d4568f30cb95108fc78ebbe47e577d6968478c22ad54	common_voice_az_40734811.mp3	023b60fae8ee91cf049a2ba824114b855ed07957c6b55f5a73c77c08a2f93f0a	Bu dəfə xorvatlar geri çəkildi.		0	0	thirties				az	
4330a3785df536c848d80fb034d51d7e18c29edca132b2bc22fd9c96304bf06935f978f0c05c7fce26a8d4568f30cb95108fc78ebbe47e577d6968478c22ad54	common_voice_az_40734816.mp3	012a2cae8acff9d0f90e9f18090572a87ecba42e56cf38f611b6c7e3aa3eebaa	Hişam isə onun edam edilməsini əmr etdi.		0	0	thirties				az	
4330a3785df536c848d80fb034d51d7e18c29edca132b2bc22fd9c96304bf06935f978f0c05c7fce26a8d4568f30cb95108fc78ebbe47e577d6968478c22ad54	common_voice_az_40734817.mp3	0241726d80afefe313fbb919291a23cc7a07e8f074d9c9c9586d4798112c653d	Buna görə də əyanların əlində oyuncaq olaraq qalmışdı.		1	1	thirties				az	
4330a3785df536c848d80fb034d51d7e18c29edca132b2bc22fd9c96304bf06935f978f0c05c7fce26a8d4568f30cb95108fc78ebbe47e577d6968478c22ad54	common_voice_az_40734818.mp3	02c0da9d4f5f4c7d595e9293b7eaa67679be5e03a1295446d316d37d6beff2c3	Müharibə dövrünün ziddiyyətli məsələləri də jurnalda öz əksini tapırdı.		1	0	thirties				az	
4330a3785df536c848d80fb034d51d7e18c29edca132b2bc22fd9c96304bf06935f978f0c05c7fce26a8d4568f30cb95108fc78ebbe47e577d6968478c22ad54	common_voice_az_40734820.mp3	00b25390700371f6964adc54c63ce86e159a3289428d30b871b6592e6cabd5ba	Ekranda Roza Həsənova görünür.		1	0	thirties				az	
4330a3785df536c848d80fb034d51d7e18c29edca132b2bc22fd9c96304bf06935f978f0c05c7fce26a8d4568f30cb95108fc78ebbe47e577d6968478c22ad54	common_voice_az_40734840.mp3	024a0b1b141ffc3f051177e51df1698212656a337c50dc9374cffab443831138	Balıqçılıq və heyvandarlıq köməkçi təsərrüfat sahələridir.		1	0	thirties				az	
4330a3785df536c848d80fb034d51d7e18c29edca132b2bc22fd9c96304bf06935f978f0c05c7fce26a8d4568f30cb95108fc78ebbe47e577d6968478c22ad54	common_voice_az_40734841.mp3	0276f94e9dabd48ae7c40180bc3e93dc88b8a4afc36c6eaf39dccd1e9bc32637	Qayalarda min baş quş yuva qurur.		1	0	thirties				az	
4330a3785df536c848d80fb034d51d7e18c29edca132b2bc22fd9c96304bf06935f978f0c05c7fce26a8d4568f30cb95108fc78ebbe47e577d6968478c22ad54	common_voice_az_40734843.mp3	02b576c44df747f28a132119ec70a8fb9b7009dd93c50c1c9290ba554e014254	Təyyarənin qalıqları hələ də adadır.		1	0	thirties				az	
4330a3785df536c848d80fb034d51d7e18c29edca132b2bc22fd9c96304bf06935f978f0c05c7fce26a8d4568f30cb95108fc78ebbe47e577d6968478c22ad54	common_voice_az_40734847.mp3	01f04e5e1fa59d1bcf103008406cb2df3c0bf4931cf0df4b321d59090302f531	Azərbaycan Politexnik universitetində memarlıq təhsili almışdır.		0	1	thirties				az	
4330a3785df536c848d80fb034d51d7e18c29edca132b2bc22fd9c96304bf06935f978f0c05c7fce26a8d4568f30cb95108fc78ebbe47e577d6968478c22ad54	common_voice_az_40734897.mp3	000352ed2dc38f3bbe7b593926ce2684f4a1b074efaecc414aa97b4c99eecf5e	Ooloji kolleksiyalar zooloji muzeylərdə saxlanılır.		1	0	thirties				az	
4330a3785df536c848d80fb034d51d7e18c29edca132b2bc22fd9c96304bf06935f978f0c05c7fce26a8d4568f30cb95108fc78ebbe47e577d6968478c22ad54	common_voice_az_40734898.mp3	00e6c667f6f1457fd88bf6af20c3a74d4ba9e73d7b68e6b0412a622acf0e3d1a	Tuna və qılınc balıqları kimi böyük balıqların kəsilib bölünməsi çox ehtiyatla aparılır.		0	0	thirties				az	
4330a3785df536c848d80fb034d51d7e18c29edca132b2bc22fd9c96304bf06935f978f0c05c7fce26a8d4568f30cb95108fc78ebbe47e577d6968478c22ad54	common_voice_az_40734899.mp3	02cfbf173b226ef79684a92b7f901fe385406181ad61fb77e090167d209c5951	Ən maraqlı tapıntı dəniz tısbağası olmuşdur.		0	0	thirties				az	
4330a3785df536c848d80fb034d51d7e18c29edca132b2bc22fd9c96304bf06935f978f0c05c7fce26a8d4568f30cb95108fc78ebbe47e577d6968478c22ad54	common_voice_az_40734900.mp3	01453cda00d6cbedfa59ef78b3a3883ab5dd6a24e45e1872a41e0e6fd9dd340a	Həyat yoldaşı Tərlan Quliyev Azərbaycan Dövlət Kamera Orkestrində skripka ifaçısıdır.		1	0	thirties				az	
4330a3785df536c848d80fb034d51d7e18c29edca132b2bc22fd9c96304bf06935f978f0c05c7fce26a8d4568f30cb95108fc78ebbe47e577d6968478c22ad54	common_voice_az_40735001.mp3	01875eb729e3c9dcb4f4c47ec4a6fe22978d3061a69d7d83fcf44d11a772ef9c	İnstitutda fəlsəfə doktoru üzrə doktorantura təhsili həyata keçirilir.		0	0	thirties				az	
4330a3785df536c848d80fb034d51d7e18c29edca132b2bc22fd9c96304bf06935f978f0c05c7fce26a8d4568f30cb95108fc78ebbe47e577d6968478c22ad54	common_voice_az_40735003.mp3	0274472d0bc7754daeaffe684f7acb1c6c1236710224bb9e261cf28c9e4c5c83	Toxum və qələmlə asanlıqla çoxaldılır.		0	1	thirties				az	
6c2ddea22c8a7610e8d6e3cd9fde20ced80640d3b9b39d9d77aaf2ae70ff5342b982b8be00073ec120df7c6485630e61ac37ac6bf56d9a95f5363952ef85dce3	common_voice_az_40735344.mp3	021167b1adc82ecc367b4462d64f1d6feaa145a426331632d096c590ebbfe438	Bir çox növlər quru həyat tərzindən su həyat tərzinə keçmişlər.		1	0	thirties				az	
6c2ddea22c8a7610e8d6e3cd9fde20ced80640d3b9b39d9d77aaf2ae70ff5342b982b8be00073ec120df7c6485630e61ac37ac6bf56d9a95f5363952ef85dce3	common_voice_az_40735345.mp3	01c312c1a2cdc4baaddb10a627fcee9ec5dac0ffffae23ebda706502fe4ddf1b	Nağıl dünyasının sakini.		1	0	thirties				az	
6c2ddea22c8a7610e8d6e3cd9fde20ced80640d3b9b39d9d77aaf2ae70ff5342b982b8be00073ec120df7c6485630e61ac37ac6bf56d9a95f5363952ef85dce3	common_voice_az_40735346.mp3	016af3a75dfc413986dfe68f5b7659756dc37b2921f2500e6f8d36c1dd8ffff3	Birinci sezonda xəbər jurnalisti Loqan Fil obrazı Kris.		1	0	thirties				az	
6c2ddea22c8a7610e8d6e3cd9fde20ced80640d3b9b39d9d77aaf2ae70ff5342b982b8be00073ec120df7c6485630e61ac37ac6bf56d9a95f5363952ef85dce3	common_voice_az_40735376.mp3	02a86fbdffd18615ccf9d63e208549049b6143e51d24a082c8b091d5e4b81e7c	Onlar digər ətraf azərbaycanlı kəndlərindən fərqli olaraq islam dininin sünni məzhəbində etiqad edirdilər.		1	0	thirties				az	
6c2ddea22c8a7610e8d6e3cd9fde20ced80640d3b9b39d9d77aaf2ae70ff5342b982b8be00073ec120df7c6485630e61ac37ac6bf56d9a95f5363952ef85dce3	common_voice_az_40735377.mp3	02bb346d8050b56ae84d358e9a4950165a08e2afd5d6e5e565f7ce42313fa36f	Hovuz dəniz suyu ilə doldurulur və mayın ortalarından sentyabrın ortalarına qədər istifadəyə yararlı olur.		1	0	thirties				az	
6c2ddea22c8a7610e8d6e3cd9fde20ced80640d3b9b39d9d77aaf2ae70ff5342b982b8be00073ec120df7c6485630e61ac37ac6bf56d9a95f5363952ef85dce3	common_voice_az_40735378.mp3	0264d4730a19e71a9284b2354102b5e28d8a0ee17130b62d608027b44c7187aa	Bunun səbəbi müxtəlif ola bilər.		1	0	thirties				az	
6c2ddea22c8a7610e8d6e3cd9fde20ced80640d3b9b39d9d77aaf2ae70ff5342b982b8be00073ec120df7c6485630e61ac37ac6bf56d9a95f5363952ef85dce3	common_voice_az_40735379.mp3	02abebab7cec0bf613e68f9b71b66f964b804c1e8f5b6499939ee8d4ba9e4292	Hər iki təyyarə uçuşda olduğu zaman fotoşəkil çəkilir.		1	0	thirties				az	
6c2ddea22c8a7610e8d6e3cd9fde20ced80640d3b9b39d9d77aaf2ae70ff5342b982b8be00073ec120df7c6485630e61ac37ac6bf56d9a95f5363952ef85dce3	common_voice_az_40735380.mp3	0212d04aafb1fed0edd3fd753513b417c73d96b6578ab700399715831253fca9	Hər dəqiqədə yetmiş altı vuruş olmaqla mahnı yavaş temp üzərində qurulmuşdur.		1	0	thirties				az	
6c2ddea22c8a7610e8d6e3cd9fde20ced80640d3b9b39d9d77aaf2ae70ff5342b982b8be00073ec120df7c6485630e61ac37ac6bf56d9a95f5363952ef85dce3	common_voice_az_40737695.mp3	023272b7f242c6bdec1dd79ac4d3e71355656f28613af0461b622c73ea7e75d5	Əlamətlərə görə müxtəlif təsnifatı təklif edilmişdir.		0	1	thirties				az	
6c2ddea22c8a7610e8d6e3cd9fde20ced80640d3b9b39d9d77aaf2ae70ff5342b982b8be00073ec120df7c6485630e61ac37ac6bf56d9a95f5363952ef85dce3	common_voice_az_40737698.mp3	010202dd186a5c4de2b5dbaf709bf108a86fbaa5456f4cf3de5d03c429cea42a	Leninqrad Texnologiya İnstitutunda namizədlik dissertasiyasını müvəffəqiyyətlə müdafiə edərək texniki elmlər namizədi alimlik dərəcəsini almışdır.		1	1	thirties				az	
6c2ddea22c8a7610e8d6e3cd9fde20ced80640d3b9b39d9d77aaf2ae70ff5342b982b8be00073ec120df7c6485630e61ac37ac6bf56d9a95f5363952ef85dce3	common_voice_az_40737722.mp3	028ece1f587265f9d2d8e6b88e7a809c657a6d2f941b80fe4a81735e433469a1	Dəfn mərasiminin sonunda yaylım atəşi açıldı və əsgər Əliyev uğrunda şəhid olduğu torpağa tapşırıldı.		1	0	thirties				az	
6c2ddea22c8a7610e8d6e3cd9fde20ced80640d3b9b39d9d77aaf2ae70ff5342b982b8be00073ec120df7c6485630e61ac37ac6bf56d9a95f5363952ef85dce3	common_voice_az_40737723.mp3	00e6b44009603db97ab01c56ee31cc92637d415086734131bc61f09110ce096c	Rusiyanın əksər vilayətində nümayəndəlikləri var.		0	0	thirties				az	
6c2ddea22c8a7610e8d6e3cd9fde20ced80640d3b9b39d9d77aaf2ae70ff5342b982b8be00073ec120df7c6485630e61ac37ac6bf56d9a95f5363952ef85dce3	common_voice_az_40737724.mp3	02d9643f3cb2506e4120fba876d206697df523b52a8c19d2dec8118990cb9bd2	Şəhərdə qaçılmaz görünən bor mühasirəyə hazırlıqlara başlanmışdı.		1	0	thirties				az	
6c2ddea22c8a7610e8d6e3cd9fde20ced80640d3b9b39d9d77aaf2ae70ff5342b982b8be00073ec120df7c6485630e61ac37ac6bf56d9a95f5363952ef85dce3	common_voice_az_40737734.mp3	0208657eb5e5b6eee02a5099aae6fd4a41db8a489aa27748e82ebedaf31a855e	Dadı kəskin acı.		1	0	thirties				az	
6c2ddea22c8a7610e8d6e3cd9fde20ced80640d3b9b39d9d77aaf2ae70ff5342b982b8be00073ec120df7c6485630e61ac37ac6bf56d9a95f5363952ef85dce3	common_voice_az_40737735.mp3	0261f00114068bbde76292fcbfedb3fd9fa4483029594d13d3177df36757b31a	İsa Məmmədovun xidmətləri layiqincə qiymətləndirilmişdir.		1	0	thirties				az	
6c2ddea22c8a7610e8d6e3cd9fde20ced80640d3b9b39d9d77aaf2ae70ff5342b982b8be00073ec120df7c6485630e61ac37ac6bf56d9a95f5363952ef85dce3	common_voice_az_40737736.mp3	01972a10ad7d861af42d5ceef1d802bd92b3341d134d3e58c0095a2f53b68b1f	Az sonra üsyançılara dəstək azaldı və əks tərəf tədricən qüvvə toplamağa başladı.		0	0	thirties				az	
6c2ddea22c8a7610e8d6e3cd9fde20ced80640d3b9b39d9d77aaf2ae70ff5342b982b8be00073ec120df7c6485630e61ac37ac6bf56d9a95f5363952ef85dce3	common_voice_az_40737738.mp3	0137a0f7d52eb9fae71267b2f7c1bf70fa27c71275aec5ff1e1cf438be077df8	Yəni bütün maddələr üçün eyni deyildir.		1	1	thirties				az	
6c2ddea22c8a7610e8d6e3cd9fde20ced80640d3b9b39d9d77aaf2ae70ff5342b982b8be00073ec120df7c6485630e61ac37ac6bf56d9a95f5363952ef85dce3	common_voice_az_40737763.mp3	00b8376059ce01b9f47a8715f55c52fcc1e43fb7e65a752031b2cd6bc548194b	Çayın il boyu aşağı axarlarında gəmiçilik üçün əlverişli şəraitin yaradılmasında mühüm rol oynayır.		1	0	thirties				az	
6c2ddea22c8a7610e8d6e3cd9fde20ced80640d3b9b39d9d77aaf2ae70ff5342b982b8be00073ec120df7c6485630e61ac37ac6bf56d9a95f5363952ef85dce3	common_voice_az_40798912.mp3	010eeba4325f1c4147d4354fb8312554da89c6b6f75f54d39e0e76d285c587f1	Bütün torpaqlar feodalların əlinə keçmişdi.		0	0	thirties				az	
6c2ddea22c8a7610e8d6e3cd9fde20ced80640d3b9b39d9d77aaf2ae70ff5342b982b8be00073ec120df7c6485630e61ac37ac6bf56d9a95f5363952ef85dce3	common_voice_az_40798916.mp3	02e0405596a64d9a932e4adc0e3119a385905e6ba8c1f165ecbcbc857c0eb651	Dindarlar tərəfindən məscid kimi istifadə olunur.		0	0	thirties				az	
6c2ddea22c8a7610e8d6e3cd9fde20ced80640d3b9b39d9d77aaf2ae70ff5342b982b8be00073ec120df7c6485630e61ac37ac6bf56d9a95f5363952ef85dce3	common_voice_az_40798923.mp3	0236da7a0819552dd7f0c79f9b2ced266478c55e918dca1e4530d36f2622da12	Ərazisində su altı daşlar vardır.		1	0	thirties				az	
6c2ddea22c8a7610e8d6e3cd9fde20ced80640d3b9b39d9d77aaf2ae70ff5342b982b8be00073ec120df7c6485630e61ac37ac6bf56d9a95f5363952ef85dce3	common_voice_az_40798926.mp3	02a00a8cdd0749690e98aae840b755fbcbf0d9c49840bf7b96bc3b684ace3d06	Hot Rod.		1	0	thirties				az	
6c2ddea22c8a7610e8d6e3cd9fde20ced80640d3b9b39d9d77aaf2ae70ff5342b982b8be00073ec120df7c6485630e61ac37ac6bf56d9a95f5363952ef85dce3	common_voice_az_40798932.mp3	02e6020cb96f60a007cf3590bb2138495cf4ab07c418a3520d15094c907dda14	Öz vəsiyyətinə uyğun olaraq Kərbəlada dəfn edilmişdir.		1	0	thirties				az	
6c2ddea22c8a7610e8d6e3cd9fde20ced80640d3b9b39d9d77aaf2ae70ff5342b982b8be00073ec120df7c6485630e61ac37ac6bf56d9a95f5363952ef85dce3	common_voice_az_40798933.mp3	01d3edee05bd94e9748d09006456bce6773f520e685ca02af12cab666d16d2f2	Sürgündə Polşa hökumətinin bir hissəsi formalaşmağa başladı.		1	0	thirties				az	
6c2ddea22c8a7610e8d6e3cd9fde20ced80640d3b9b39d9d77aaf2ae70ff5342b982b8be00073ec120df7c6485630e61ac37ac6bf56d9a95f5363952ef85dce3	common_voice_az_40798934.mp3	0255fffc9a1db39903256d2a7f20686ad8d0655378743cb96da258f40abf7561	Bu Samur çayından çəkilmiş iki magistral kanaldan biridir.		1	0	thirties				az	
6c2ddea22c8a7610e8d6e3cd9fde20ced80640d3b9b39d9d77aaf2ae70ff5342b982b8be00073ec120df7c6485630e61ac37ac6bf56d9a95f5363952ef85dce3	common_voice_az_40798953.mp3	020ab00707d0fa276497ceacc04bd4bd8878b338604914cbbc25231f075f3dc5	Əmək veteranı medalı ilə təltif olunub.		1	0	thirties				az	
6c2ddea22c8a7610e8d6e3cd9fde20ced80640d3b9b39d9d77aaf2ae70ff5342b982b8be00073ec120df7c6485630e61ac37ac6bf56d9a95f5363952ef85dce3	common_voice_az_40798956.mp3	00e2668af7caf56b11f0eee5e68f171b9b3c08eb15ef2a4756a9e80a95e80fb3	Şəhərdə tətil və nümayişlər başladı.		0	0	thirties				az	
6c2ddea22c8a7610e8d6e3cd9fde20ced80640d3b9b39d9d77aaf2ae70ff5342b982b8be00073ec120df7c6485630e61ac37ac6bf56d9a95f5363952ef85dce3	common_voice_az_40798967.mp3	00b5349a351111ed367f3e8e3a2de5010fec81402df64fbb6139e45c3c29c114	İstanbul ilinin Üsküdar ilçəsində yerləşir.		0	0	thirties				az	
6c2ddea22c8a7610e8d6e3cd9fde20ced80640d3b9b39d9d77aaf2ae70ff5342b982b8be00073ec120df7c6485630e61ac37ac6bf56d9a95f5363952ef85dce3	common_voice_az_40798968.mp3	010ab667b6c6edc5dd934745246c20984f48987bb83fa99f2b32b99dc130256e	Əfqanıstan müharibəsi iştirakçısıdır.		0	0	thirties				az	
6c2ddea22c8a7610e8d6e3cd9fde20ced80640d3b9b39d9d77aaf2ae70ff5342b982b8be00073ec120df7c6485630e61ac37ac6bf56d9a95f5363952ef85dce3	common_voice_az_40798969.mp3	02112f7f12468b84c2fcaf84e0142cc7df3a14303e119e61383f90d614db74a6	Yayda adaya yumurta qoyan quşlar köçür.		1	0	thirties				az	
6c2ddea22c8a7610e8d6e3cd9fde20ced80640d3b9b39d9d77aaf2ae70ff5342b982b8be00073ec120df7c6485630e61ac37ac6bf56d9a95f5363952ef85dce3	common_voice_az_40798971.mp3	0075f817f8123d50e5ac6776d4e2cfb5712c732ab9dc34f32e95d7bf904e76a6	Lakin sonda o da əsaslı dəyişikliyə nail olmadan əski həyata qayıtmaq məcburiyyəti qarşısında qalırdı.		1	0	thirties				az	
6c2ddea22c8a7610e8d6e3cd9fde20ced80640d3b9b39d9d77aaf2ae70ff5342b982b8be00073ec120df7c6485630e61ac37ac6bf56d9a95f5363952ef85dce3	common_voice_az_40798984.mp3	020fe9259214f99b2761d454777bb5cbbaa5ea6b21d0d27c1d6a82ce96c677b5	Tələbəlik dövründə bədii ədəbiyyata onda güclü meyl oyanır.		1	0	thirties				az	
6c2ddea22c8a7610e8d6e3cd9fde20ced80640d3b9b39d9d77aaf2ae70ff5342b982b8be00073ec120df7c6485630e61ac37ac6bf56d9a95f5363952ef85dce3	common_voice_az_40798985.mp3	0299f6688e8bf0fcc865e91215c96808f85ecf5e5c41b583df6026d48a8025ca	Cütlüyün nigahı dövrün Osmanlı ailə rəisi Əbdülməcid Əfəndi tərəfindən bağlanmışdır.		1	0	thirties				az	
6c2ddea22c8a7610e8d6e3cd9fde20ced80640d3b9b39d9d77aaf2ae70ff5342b982b8be00073ec120df7c6485630e61ac37ac6bf56d9a95f5363952ef85dce3	common_voice_az_40798986.mp3	00e76e5ae5f60083e31d3437823c08ef8ef6b61deb8111ef5c1ac10ffe0ab279	Fatma Sultan onun qızlıq adıdır.		1	0	thirties				az	
6c2ddea22c8a7610e8d6e3cd9fde20ced80640d3b9b39d9d77aaf2ae70ff5342b982b8be00073ec120df7c6485630e61ac37ac6bf56d9a95f5363952ef85dce3	common_voice_az_40799003.mp3	01344f76ab9cbd463b764620a70105a82949683b56da1dd476c5310c8d867f03	İqlimi mülayim qış və isti yayla xarakterizə olunur.		1	0	thirties				az	
6c2ddea22c8a7610e8d6e3cd9fde20ced80640d3b9b39d9d77aaf2ae70ff5342b982b8be00073ec120df7c6485630e61ac37ac6bf56d9a95f5363952ef85dce3	common_voice_az_40799008.mp3	02f659d6079f3b2c93b9327104d4bb80962219754623074922bf70f087a8f834	Dumanlı qarlı və yağışlı günlərlə yanaşı aydın havalar da müşahidə edilir.		1	0	thirties				az	
6c2ddea22c8a7610e8d6e3cd9fde20ced80640d3b9b39d9d77aaf2ae70ff5342b982b8be00073ec120df7c6485630e61ac37ac6bf56d9a95f5363952ef85dce3	common_voice_az_40799009.mp3	002e316759df1ef7a07d0019af457bbd8a54db241dd03df802025fa15350d3d5	Filmlər isə original dillərində nümayiş etdirilirdi.		1	0	thirties				az	
6c2ddea22c8a7610e8d6e3cd9fde20ced80640d3b9b39d9d77aaf2ae70ff5342b982b8be00073ec120df7c6485630e61ac37ac6bf56d9a95f5363952ef85dce3	common_voice_az_40799019.mp3	0105afb21a2a3b932a9d2cd3aaf7da4bcc14ad027bb08468a42a95dd61925658	Ordu Müfəttişi vəzifəsinə təyini təsdiqlənmişdir.		1	0	thirties				az	
6c2ddea22c8a7610e8d6e3cd9fde20ced80640d3b9b39d9d77aaf2ae70ff5342b982b8be00073ec120df7c6485630e61ac37ac6bf56d9a95f5363952ef85dce3	common_voice_az_40799022.mp3	00cd5666d7b8d52493b1ffd2bc8897897716e65039add399bce819deb64b1339	Düşərgə yerində biri kişi biri qadın vardır.		0	0	thirties				az	
4330a3785df536c848d80fb034d51d7e18c29edca132b2bc22fd9c96304bf06935f978f0c05c7fce26a8d4568f30cb95108fc78ebbe47e577d6968478c22ad54	common_voice_az_40799040.mp3	01da64489f6d5857fc6233931d802e3721ebacb2e755237fd9d150dcc3e8a77d	Azərbaycanda flüor Abşeronun quyu sularında çoxdur.		0	0	thirties				az	
4330a3785df536c848d80fb034d51d7e18c29edca132b2bc22fd9c96304bf06935f978f0c05c7fce26a8d4568f30cb95108fc78ebbe47e577d6968478c22ad54	common_voice_az_40799041.mp3	027e5c40bb5ff978e4f57202b2408e6d08ae69524788d31d4e04cef16afa6832	Ceyms Ross adasından Şahzadə Qustav boğazı ilə ayrılır.		1	0	thirties				az	
4330a3785df536c848d80fb034d51d7e18c29edca132b2bc22fd9c96304bf06935f978f0c05c7fce26a8d4568f30cb95108fc78ebbe47e577d6968478c22ad54	common_voice_az_40799042.mp3	01411e635c7f122bd9cdce21bc831e6cdc2cecd1d04155bacca719744c7a4331	Hər kəs hər şey yaza bilər.		0	0	thirties				az	
4330a3785df536c848d80fb034d51d7e18c29edca132b2bc22fd9c96304bf06935f978f0c05c7fce26a8d4568f30cb95108fc78ebbe47e577d6968478c22ad54	common_voice_az_40799052.mp3	025c7c3e311347bbf611e3dd75ff3411cc3bdd2cd010dee5a653daaca22ae5ac	Ölkələri ortaq tarix və mədəniyyət birləşdirir.		0	0	thirties				az	
4330a3785df536c848d80fb034d51d7e18c29edca132b2bc22fd9c96304bf06935f978f0c05c7fce26a8d4568f30cb95108fc78ebbe47e577d6968478c22ad54	common_voice_az_40799053.mp3	0312f0c45bae05b85ab98f4f36d00e6e61aef2208439bb2162330ab39fc19151	Kolleci bitirdikdən sonra hərbi xidmətə yollanır.		1	0	thirties				az	
4330a3785df536c848d80fb034d51d7e18c29edca132b2bc22fd9c96304bf06935f978f0c05c7fce26a8d4568f30cb95108fc78ebbe47e577d6968478c22ad54	common_voice_az_40799054.mp3	027d07ed059100535587c6b0dbdcf48e2482c9d1518e19adcbd8ed247695f3b4	Mahal Göyçə gölünün sahilləri boyu geniş bir ərazini əhatə edir.		0	1	thirties				az	
4330a3785df536c848d80fb034d51d7e18c29edca132b2bc22fd9c96304bf06935f978f0c05c7fce26a8d4568f30cb95108fc78ebbe47e577d6968478c22ad54	common_voice_az_40799056.mp3	02d97f308c043bfbe43a8654051e23dcf11355334e248ab24771b932b47513df	Onlar arasında fərqliliklər özünü açıq aydın göstərir.		0	0	thirties				az	
4330a3785df536c848d80fb034d51d7e18c29edca132b2bc22fd9c96304bf06935f978f0c05c7fce26a8d4568f30cb95108fc78ebbe47e577d6968478c22ad54	common_voice_az_40799062.mp3	02c210dc6025f54e0d0c733296dad8df25b441100ac46c5a687822b7b857cce0	İlk təhsilini gimnaziyada almışdır.		1	0	thirties				az	
4330a3785df536c848d80fb034d51d7e18c29edca132b2bc22fd9c96304bf06935f978f0c05c7fce26a8d4568f30cb95108fc78ebbe47e577d6968478c22ad54	common_voice_az_40799063.mp3	026c1069e4c73f4b86870b2126d04e59f01c7d0bec778bc35e6246e4aedd57e3	Bu əkin məhsulları və mədən və xəzinəyə aid deyil.		1	0	thirties				az	
4330a3785df536c848d80fb034d51d7e18c29edca132b2bc22fd9c96304bf06935f978f0c05c7fce26a8d4568f30cb95108fc78ebbe47e577d6968478c22ad54	common_voice_az_40799065.mp3	00c0a5a6672bf36dd51f4b11a5b1fd875c01a96530c370891bf8427eabf97a4c	Mirzə Sadıq şair idi.		1	1	thirties				az	
4330a3785df536c848d80fb034d51d7e18c29edca132b2bc22fd9c96304bf06935f978f0c05c7fce26a8d4568f30cb95108fc78ebbe47e577d6968478c22ad54	common_voice_az_40799066.mp3	03040eb6b051f74f27ec9758de6c8f8af56caea6f9f2f5fb78c1c5b8a57b91db	Başqalarının həyatını xilas edən vətənimizin cəsur övladı öz həyatını qurban verir.		0	0	thirties				az	
4330a3785df536c848d80fb034d51d7e18c29edca132b2bc22fd9c96304bf06935f978f0c05c7fce26a8d4568f30cb95108fc78ebbe47e577d6968478c22ad54	common_voice_az_40799072.mp3	0247d735748e618d612a998983966a59f2c39bceb1471d78d102c9646560e666	Ancaq mülayim keçən qışda demək olar ki il boyu aktiv olur.		1	1	thirties				az	
4330a3785df536c848d80fb034d51d7e18c29edca132b2bc22fd9c96304bf06935f978f0c05c7fce26a8d4568f30cb95108fc78ebbe47e577d6968478c22ad54	common_voice_az_40799073.mp3	02e84683c5468095c4e36024f052dcb15fd30c488038d9c29fb812180e0f4428	Bu qurğular akademiyanın su və elektrik enerjisi ilə etibarlı təmin olunmasına imkan verəcək.		0	0	thirties				az	
4330a3785df536c848d80fb034d51d7e18c29edca132b2bc22fd9c96304bf06935f978f0c05c7fce26a8d4568f30cb95108fc78ebbe47e577d6968478c22ad54	common_voice_az_40799074.mp3	0313389a2464d3c90bfe8085c8f7aa7aa87744c8a2910b5c9f000d442adabee3	Ali məktəbin Tokio Milli Universiteti adı Tokio Texnologiya İnstitutu ilə əvəz olunur.		0	0	thirties				az	
4330a3785df536c848d80fb034d51d7e18c29edca132b2bc22fd9c96304bf06935f978f0c05c7fce26a8d4568f30cb95108fc78ebbe47e577d6968478c22ad54	common_voice_az_40799075.mp3	0159fa790af00839b2c936655b0ffeef1eed614c1d9a1f5e8c0e94f27123468c	Lakin bu məsələyə dair fikir ayrılıqları mövcuddur.		1	0	thirties				az	
4330a3785df536c848d80fb034d51d7e18c29edca132b2bc22fd9c96304bf06935f978f0c05c7fce26a8d4568f30cb95108fc78ebbe47e577d6968478c22ad54	common_voice_az_40799076.mp3	01e32549042228ebb56e0e167bab6fe8a575b9b3279f72ef507e1d64147713e6	O bir neçə dəfə də nəzarət altına alınır.		1	0	thirties				az	
4330a3785df536c848d80fb034d51d7e18c29edca132b2bc22fd9c96304bf06935f978f0c05c7fce26a8d4568f30cb95108fc78ebbe47e577d6968478c22ad54	common_voice_az_40799092.mp3	0077f8eff570168936013d68420a4ed5aaac7ac85b8546e9a92257cc1fdbb3f9	Xanlar mirzə şaha şikayət etdi.		1	0	thirties				az	
4330a3785df536c848d80fb034d51d7e18c29edca132b2bc22fd9c96304bf06935f978f0c05c7fce26a8d4568f30cb95108fc78ebbe47e577d6968478c22ad54	common_voice_az_40799093.mp3	03174858fffc68cb990027ea4840f5d240923919683c104a00bd08faa9bbedbf	Onun səyi nəticəsində Azərbaycan tarixi muzeyi ölkənin ən yaxşı muzeylərindən birinə çevrilir.		0	1	thirties				az	
4330a3785df536c848d80fb034d51d7e18c29edca132b2bc22fd9c96304bf06935f978f0c05c7fce26a8d4568f30cb95108fc78ebbe47e577d6968478c22ad54	common_voice_az_40799094.mp3	02eef25f64750bb9d3eeec0f478aaccab89084dc5192528d3361c91922bc8761	Buna görə də tələbələrin əksər hissəsi özlərini maliyyələşdirmək üçün işləyirlər.		0	0	thirties				az	
4330a3785df536c848d80fb034d51d7e18c29edca132b2bc22fd9c96304bf06935f978f0c05c7fce26a8d4568f30cb95108fc78ebbe47e577d6968478c22ad54	common_voice_az_40799096.mp3	02d6e434d5786f1ade45b0b96d1c099705ef1ae3629c14bc6bddcf91b8aa62f3	Afrikadan bir qədər aralıda yerləşməsinə baxmayaraq zəngin bitki və heyvanlar aləminə sahibdir.		1	0	thirties				az	
4330a3785df536c848d80fb034d51d7e18c29edca132b2bc22fd9c96304bf06935f978f0c05c7fce26a8d4568f30cb95108fc78ebbe47e577d6968478c22ad54	common_voice_az_40799108.mp3	03090a048a32a1613c308bddeebfa743e53a044dd28237a1a93e54827ea21d78	Boğazın bəzi yerlərində rif adaları ilə əhatələnir.		1	0	thirties				az	
4330a3785df536c848d80fb034d51d7e18c29edca132b2bc22fd9c96304bf06935f978f0c05c7fce26a8d4568f30cb95108fc78ebbe47e577d6968478c22ad54	common_voice_az_40799109.mp3	02f752dc6d5d53cfe02a54fb9afc5ab2f24a50463a21e6bb4336b894a5741835	Qəbri hələ də bilinməkdədir.		1	0	thirties				az	
4330a3785df536c848d80fb034d51d7e18c29edca132b2bc22fd9c96304bf06935f978f0c05c7fce26a8d4568f30cb95108fc78ebbe47e577d6968478c22ad54	common_voice_az_40799110.mp3	0156c35b13f945a612c2bb48ac41066ed2c1beaf01f5553e509305082c9b1029	Mən bunu etdim.		0	0	thirties				az	
4330a3785df536c848d80fb034d51d7e18c29edca132b2bc22fd9c96304bf06935f978f0c05c7fce26a8d4568f30cb95108fc78ebbe47e577d6968478c22ad54	common_voice_az_40799111.mp3	0308c74b9f07e5c75949fbd90e70d14d74d4a5f04d215f6f35bd08817a6ea39b	Onun doktorluq dissertasiyası bu kompüterin layihə və konstruksiyası haqqında hesabat idi.		1	0	thirties				az	
4330a3785df536c848d80fb034d51d7e18c29edca132b2bc22fd9c96304bf06935f978f0c05c7fce26a8d4568f30cb95108fc78ebbe47e577d6968478c22ad54	common_voice_az_40799122.mp3	02267cc812740fb4681ed87f8476fd45f3a5d58b5989db8f12ff2b2a19a3ec92	Bosniya müharibəsi zamanı xəttin bəzi hissələri dağıdılır.		1	0	thirties				az	
4330a3785df536c848d80fb034d51d7e18c29edca132b2bc22fd9c96304bf06935f978f0c05c7fce26a8d4568f30cb95108fc78ebbe47e577d6968478c22ad54	common_voice_az_40799123.mp3	02fe64cdd637660139ff27791fdff2b05c76e86c3083d2c0aa3f267c0a53a6e1	Vəli Məmmədov bədii yaradıcılıqla da məşğul olur.		1	0	thirties				az	
4330a3785df536c848d80fb034d51d7e18c29edca132b2bc22fd9c96304bf06935f978f0c05c7fce26a8d4568f30cb95108fc78ebbe47e577d6968478c22ad54	common_voice_az_40799124.mp3	026adcf9020994589208b154085eb2d9b81a51fb7b86eae7112a23d89b56b0ff	Etiraf ona artıq xəstə olanda gəldi.		0	0	thirties				az	
4330a3785df536c848d80fb034d51d7e18c29edca132b2bc22fd9c96304bf06935f978f0c05c7fce26a8d4568f30cb95108fc78ebbe47e577d6968478c22ad54	common_voice_az_40799125.mp3	0308b8a2db44370f34283ea06abe006196c2fb600ae38d47b295b8fc6db25dc6	Altı uşaqlı ailənin ən böyük övladıdır.		1	0	thirties				az	
4330a3785df536c848d80fb034d51d7e18c29edca132b2bc22fd9c96304bf06935f978f0c05c7fce26a8d4568f30cb95108fc78ebbe47e577d6968478c22ad54	common_voice_az_40799126.mp3	02125e9c807cd6cbb7b824fae463dd0e76f0cbbaa114b1ea3d97c3f928c48c09	Bugün Mərkəzi Asiyada müstəqil dövlətdir.		0	0	thirties				az	
4330a3785df536c848d80fb034d51d7e18c29edca132b2bc22fd9c96304bf06935f978f0c05c7fce26a8d4568f30cb95108fc78ebbe47e577d6968478c22ad54	common_voice_az_40799137.mp3	021732a782c2cc3b44c350aa0788ce208c4562deff8e2566a9cc72cf3770d6ba	Müsəlman Birliyinin yalnız müsəlman maraqlarını qoruya biləcəyi iddiaları böyük bir təkan qazandı.		0	0	thirties				az	
4330a3785df536c848d80fb034d51d7e18c29edca132b2bc22fd9c96304bf06935f978f0c05c7fce26a8d4568f30cb95108fc78ebbe47e577d6968478c22ad54	common_voice_az_40799139.mp3	0236c7fcdf2f2d0a99a033816cd2165ca3cfd92641648d58e6e6066978fb17d1	Azərbaycan Xalq Cəbhəsi Naxçıvan vilayət şöbəsi təşkilat şöbəsinin müdiri vəzifəsində işləmişdir.		1	0	thirties				az	
4330a3785df536c848d80fb034d51d7e18c29edca132b2bc22fd9c96304bf06935f978f0c05c7fce26a8d4568f30cb95108fc78ebbe47e577d6968478c22ad54	common_voice_az_40799141.mp3	01f417de5e96db376d25409db6b64c20bdafa2997b573015823d0bad46aa1f23	Futbolçu karyerasında müxtəlif texnika və hücum üsullarından istifadə edib.		0	0	thirties				az	
4330a3785df536c848d80fb034d51d7e18c29edca132b2bc22fd9c96304bf06935f978f0c05c7fce26a8d4568f30cb95108fc78ebbe47e577d6968478c22ad54	common_voice_az_40799144.mp3	0106270e6187fff98a7a9e81b69ef970692ed395ab9ac33c2ad9b5c8fbe14472	Şərqi Almaniya yığması həmin yarışda yalnızca bir idmançı təmsil edə bilərdi.		0	0	thirties				az	
4330a3785df536c848d80fb034d51d7e18c29edca132b2bc22fd9c96304bf06935f978f0c05c7fce26a8d4568f30cb95108fc78ebbe47e577d6968478c22ad54	common_voice_az_40799146.mp3	0238a0629d0fd060e986ccdb47a80a50fdfa33e3c733220b93fad8e7fd62624a	Onun bu rekordunu qardaşı qırdı.		1	0	thirties				az	
6c2ddea22c8a7610e8d6e3cd9fde20ced80640d3b9b39d9d77aaf2ae70ff5342b982b8be00073ec120df7c6485630e61ac37ac6bf56d9a95f5363952ef85dce3	common_voice_az_40811182.mp3	014b8296d0181e5d2ca9394b07c4c74dae15cbc58028fd7c524745746da2d081	O ilk arxeoloq qadın kimi də tanınır.		1	0	thirties				az	
6c2ddea22c8a7610e8d6e3cd9fde20ced80640d3b9b39d9d77aaf2ae70ff5342b982b8be00073ec120df7c6485630e61ac37ac6bf56d9a95f5363952ef85dce3	common_voice_az_40811183.mp3	031a6880a0a165512673ab3aae3c8552dfc50b457a26e6de435d9927e69c8d77	Bu siyahı komissiyanın şəxsi siyahısı hesabına yaradılıb.		0	0	thirties				az	
6c2ddea22c8a7610e8d6e3cd9fde20ced80640d3b9b39d9d77aaf2ae70ff5342b982b8be00073ec120df7c6485630e61ac37ac6bf56d9a95f5363952ef85dce3	common_voice_az_40811184.mp3	01cba9f8484f6f5e7f029b5048da3e44e8ffd50e758a749f9994254a6119d7d0	Əksəriyyət yunan dilini ana dili sayır.		0	0	thirties				az	
6c2ddea22c8a7610e8d6e3cd9fde20ced80640d3b9b39d9d77aaf2ae70ff5342b982b8be00073ec120df7c6485630e61ac37ac6bf56d9a95f5363952ef85dce3	common_voice_az_40811188.mp3	02a0d7ad92585a64f8857be55b4294653743857b6e108cc9c92d9b398c97dee8	Günlərlə jurnalistin harda olması ilə bağlı dəqiq bir məlumat alınmır.		0	0	thirties				az	
6c2ddea22c8a7610e8d6e3cd9fde20ced80640d3b9b39d9d77aaf2ae70ff5342b982b8be00073ec120df7c6485630e61ac37ac6bf56d9a95f5363952ef85dce3	common_voice_az_40811189.mp3	011f04fb00719047ab2c9fa247e3f05748d6314816f4d3aa7aec135c6480b925	O bu döyüşlərdə sağ gözünü itirib.		1	0	thirties				az	
6c2ddea22c8a7610e8d6e3cd9fde20ced80640d3b9b39d9d77aaf2ae70ff5342b982b8be00073ec120df7c6485630e61ac37ac6bf56d9a95f5363952ef85dce3	common_voice_az_40811190.mp3	00f8498a97bfaa22e01c9eb17be7a47d00c5f0bb61d346936af2598e39acecda	Daha sonra alaraq Mançester Universitetini magistr dərəcəsi ilə bitirmişdir.		1	0	thirties				az	
6c2ddea22c8a7610e8d6e3cd9fde20ced80640d3b9b39d9d77aaf2ae70ff5342b982b8be00073ec120df7c6485630e61ac37ac6bf56d9a95f5363952ef85dce3	common_voice_az_40811194.mp3	010f5fd869b7b56e1e1f92319afad31de702a32834e3a9559861bae8954acd31	Axarı olan göllər arasında suyu nisbətən şor və ağırdır.		0	0	thirties				az	
6c2ddea22c8a7610e8d6e3cd9fde20ced80640d3b9b39d9d77aaf2ae70ff5342b982b8be00073ec120df7c6485630e61ac37ac6bf56d9a95f5363952ef85dce3	common_voice_az_40811196.mp3	00a6ec585d2c0ef8c8b19b5ae458f125bba664c997854fbf227f3a849a2b6ca7	Məşhur sosial psixoloq Kurt Levin də təlim forması olaraq təlimə mühüm töhfə verdi.		1	0	thirties				az	
6c2ddea22c8a7610e8d6e3cd9fde20ced80640d3b9b39d9d77aaf2ae70ff5342b982b8be00073ec120df7c6485630e61ac37ac6bf56d9a95f5363952ef85dce3	common_voice_az_40811197.mp3	0181f84fe5bdaf26b129f9d4414eb54523a6dba506c970f1e507c22eb2ab31fa	Bina son sahibinin adı ilə tanınır.		1	0	thirties				az	
6c2ddea22c8a7610e8d6e3cd9fde20ced80640d3b9b39d9d77aaf2ae70ff5342b982b8be00073ec120df7c6485630e61ac37ac6bf56d9a95f5363952ef85dce3	common_voice_az_40811198.mp3	00a85b60117b7658d22006e4cba525d7b1ba1dd426534acdb19e350721072cc4	Həmin vaxt bələdiyyənin tərkibi iki kənddən ibarət olmuşdur.		0	0	thirties				az	
6c2ddea22c8a7610e8d6e3cd9fde20ced80640d3b9b39d9d77aaf2ae70ff5342b982b8be00073ec120df7c6485630e61ac37ac6bf56d9a95f5363952ef85dce3	common_voice_az_40811200.mp3	03222d8c1d53f561006e3312a2a9af498ef6bd89e78bb95ae4a30ddf795c99d3	Almanlar Parisə doğru irəliləməyə başlayanda Kamü qaçdı.		1	0	thirties				az	
6c2ddea22c8a7610e8d6e3cd9fde20ced80640d3b9b39d9d77aaf2ae70ff5342b982b8be00073ec120df7c6485630e61ac37ac6bf56d9a95f5363952ef85dce3	common_voice_az_40811206.mp3	029369877d3de83d8d7ce4523f5738a08d152bdab000902afbf11bc3cb87db04	Onun adı haqqında da xüsusi rəvayət var.		1	0	thirties				az	
6c2ddea22c8a7610e8d6e3cd9fde20ced80640d3b9b39d9d77aaf2ae70ff5342b982b8be00073ec120df7c6485630e61ac37ac6bf56d9a95f5363952ef85dce3	common_voice_az_40811208.mp3	029af4a07df9bf0ac5befe1a45d1388695b92e41301c6e4c1c586a873e179bb4	Əvəzində isə Britaniya Norveçin digər ərazi iddialarını tanıyırdı.		1	0	thirties				az	
6c2ddea22c8a7610e8d6e3cd9fde20ced80640d3b9b39d9d77aaf2ae70ff5342b982b8be00073ec120df7c6485630e61ac37ac6bf56d9a95f5363952ef85dce3	common_voice_az_40811209.mp3	02d93e6e74956380cf7336a19c11d6199406889779685aa082cc5143117f58f5	Binanın əsas girişi və küncləri çıxıntılı daşlarla dizayn edilmişdir.		1	0	thirties				az	
6c2ddea22c8a7610e8d6e3cd9fde20ced80640d3b9b39d9d77aaf2ae70ff5342b982b8be00073ec120df7c6485630e61ac37ac6bf56d9a95f5363952ef85dce3	common_voice_az_40811210.mp3	00cd9d93488b752a2508c7ec2da3140812572691831e55485b6353a4075ed956	Körpü həm avtomobillərin həm də piyadaların hərəkəti üçün hesablanmışdır.		1	0	thirties				az	
6c2ddea22c8a7610e8d6e3cd9fde20ced80640d3b9b39d9d77aaf2ae70ff5342b982b8be00073ec120df7c6485630e61ac37ac6bf56d9a95f5363952ef85dce3	common_voice_az_40811218.mp3	00752b112376706ddf75d63a76b1ab167ce43a142e1abaca382520c0653f7b5a	Türkiyəyə Oktyabr inqilabından xeyli əvvəl yüksək tipli türk İlahiyyat məktəbində təhsil almaq üçün getmişdir.		1	0	thirties				az	
6c2ddea22c8a7610e8d6e3cd9fde20ced80640d3b9b39d9d77aaf2ae70ff5342b982b8be00073ec120df7c6485630e61ac37ac6bf56d9a95f5363952ef85dce3	common_voice_az_40811219.mp3	03309b145600e4d56ad61d804212ea93100f9d54cd027adcbd823e99e893f0d5	Buna baxmayaraq qısa zamanda ərazinin öyrənilməsinə başlanıldı.		1	0	thirties				az	
6c2ddea22c8a7610e8d6e3cd9fde20ced80640d3b9b39d9d77aaf2ae70ff5342b982b8be00073ec120df7c6485630e61ac37ac6bf56d9a95f5363952ef85dce3	common_voice_az_40811220.mp3	010971a1bd2816cf6f449764cc630543c9f1f7dd473eb829b917fe273a71b6b8	Xocalı faciəsi zamanı onlarla insanın həyatını xilas etmişdi.		1	0	thirties				az	
6c2ddea22c8a7610e8d6e3cd9fde20ced80640d3b9b39d9d77aaf2ae70ff5342b982b8be00073ec120df7c6485630e61ac37ac6bf56d9a95f5363952ef85dce3	common_voice_az_40811221.mp3	003396ca6b95e665df58d8f1d62c8c7f981b3dcfd7c30ad44f8d6c751666655d	Rusiya Federasiyası Dərbənd şəhərinin fəxri vətəndaşıdır.		1	0	thirties				az	
6c2ddea22c8a7610e8d6e3cd9fde20ced80640d3b9b39d9d77aaf2ae70ff5342b982b8be00073ec120df7c6485630e61ac37ac6bf56d9a95f5363952ef85dce3	common_voice_az_40811223.mp3	002f8df109244e382bcde9df2c28b86312cd378d53cdcc642b35349cad963079	Siyasi fəaliyyətinin böyük bir qismi Azərbaycanda Sovet hakimiyyətinin möhkəmləndirilməsi olmuşdur.		0	0	thirties				az	
6c2ddea22c8a7610e8d6e3cd9fde20ced80640d3b9b39d9d77aaf2ae70ff5342b982b8be00073ec120df7c6485630e61ac37ac6bf56d9a95f5363952ef85dce3	common_voice_az_40811224.mp3	022f6a4980df0723766466a7eb787b67d9a41f151a353c9676465fc21a4e11b2	Adanın iqlimi olduqca sərtdir.		0	0	thirties				az	
6c2ddea22c8a7610e8d6e3cd9fde20ced80640d3b9b39d9d77aaf2ae70ff5342b982b8be00073ec120df7c6485630e61ac37ac6bf56d9a95f5363952ef85dce3	common_voice_az_40811225.mp3	01e0b7a108e6239c147e9003eedd9d42d903e73d4722224fadffbd4a050747f6	Orta və Cənubi Xəzərdə onlara çox az rast gəlinir.		1	0	thirties				az	
6c2ddea22c8a7610e8d6e3cd9fde20ced80640d3b9b39d9d77aaf2ae70ff5342b982b8be00073ec120df7c6485630e61ac37ac6bf56d9a95f5363952ef85dce3	common_voice_az_40811226.mp3	02a4ac5859d8efff96e0a9a48656b736d2743424492a04a60a7529f2d7eb0c4d	Karyerasını bitirdikdən sonra siyasətlə məşğul olmağa başlayıb.		0	0	thirties				az	
6c2ddea22c8a7610e8d6e3cd9fde20ced80640d3b9b39d9d77aaf2ae70ff5342b982b8be00073ec120df7c6485630e61ac37ac6bf56d9a95f5363952ef85dce3	common_voice_az_40811228.mp3	031ab18d1bbf2893157ef7e2923b767cf71e9dad8edf7547793707aefa5c42e9	Ancaq bu anda snayper gülləsinə tuş gəlir və Suqovuşan ərazisində qəhrəmancasına Şəhidlik zirvəsinə yüksəlir.		0	0	thirties				az	
6c2ddea22c8a7610e8d6e3cd9fde20ced80640d3b9b39d9d77aaf2ae70ff5342b982b8be00073ec120df7c6485630e61ac37ac6bf56d9a95f5363952ef85dce3	common_voice_az_40811229.mp3	0254d6f16ff08cb725bc654848e0706d4b0f4878ec6b15cbfff9ff5fec5a9433	Kəpənəyi sentyabr və oktyabr aylarında uçur.		0	0	thirties				az	
6c2ddea22c8a7610e8d6e3cd9fde20ced80640d3b9b39d9d77aaf2ae70ff5342b982b8be00073ec120df7c6485630e61ac37ac6bf56d9a95f5363952ef85dce3	common_voice_az_40811231.mp3	020a604c9a899345044a4f09517bf8cbce2f6a3f64216ca9ec50b65d52d91ba0	Kiprdə mədən sənayesi ilə çox qədim zamanlardan məşğul olurlar.		1	0	thirties				az	
6c2ddea22c8a7610e8d6e3cd9fde20ced80640d3b9b39d9d77aaf2ae70ff5342b982b8be00073ec120df7c6485630e61ac37ac6bf56d9a95f5363952ef85dce3	common_voice_az_40811232.mp3	021215c53a753d576987f4e88e9d9a89fd45f73790b6de897105960f38435865	İnzibati mərkəzi Prizren şəhəri idi.		0	0	thirties				az	
6c2ddea22c8a7610e8d6e3cd9fde20ced80640d3b9b39d9d77aaf2ae70ff5342b982b8be00073ec120df7c6485630e61ac37ac6bf56d9a95f5363952ef85dce3	common_voice_az_40811233.mp3	02f0c2b5b195eab06169383dcf833f98c79dc868234b9dd17302ee7555a3abf4	Qozaları sentyabrda yetişir.		1	0	thirties				az	
6c2ddea22c8a7610e8d6e3cd9fde20ced80640d3b9b39d9d77aaf2ae70ff5342b982b8be00073ec120df7c6485630e61ac37ac6bf56d9a95f5363952ef85dce3	common_voice_az_40811234.mp3	00061d45047765aecd7cf74661eb1c17f6a36fbab460312f791205cd095315ce	Onun əvəzinə "Ailənin ağlı başında olan ən böyük nümayəndəsi padşah olmalıdır" ideyası qəbul edilmişdir.		0	0	thirties				az	
6c2ddea22c8a7610e8d6e3cd9fde20ced80640d3b9b39d9d77aaf2ae70ff5342b982b8be00073ec120df7c6485630e61ac37ac6bf56d9a95f5363952ef85dce3	common_voice_az_40811235.mp3	02b0b159942eefb1ee7bd6eaad98978f866d76317c00c5b421e5ea6e8b5d8711	Bu şəkildə çiçəklərin sayı hər iki tərəfə bərabər bölünür və nəticə simmetrik olacaqdır.		1	0	thirties				az	
6c2ddea22c8a7610e8d6e3cd9fde20ced80640d3b9b39d9d77aaf2ae70ff5342b982b8be00073ec120df7c6485630e61ac37ac6bf56d9a95f5363952ef85dce3	common_voice_az_40811236.mp3	01f86e347c5ba064cce8a9d6793d85d4dc071a3ac927a22a99af3d88d2b19c6a	Lakin sırf dəmir əldə etmək üçün bu kifayət etmirdi.		0	0	thirties				az	
6c2ddea22c8a7610e8d6e3cd9fde20ced80640d3b9b39d9d77aaf2ae70ff5342b982b8be00073ec120df7c6485630e61ac37ac6bf56d9a95f5363952ef85dce3	common_voice_az_40811239.mp3	0290e18c609d2389407f8bd442fa3b67825167c774c66df303a66d1c8e505072	Onda azad yaşamaq arzusu üstün idi.		1	0	thirties				az	
6c2ddea22c8a7610e8d6e3cd9fde20ced80640d3b9b39d9d77aaf2ae70ff5342b982b8be00073ec120df7c6485630e61ac37ac6bf56d9a95f5363952ef85dce3	common_voice_az_40811863.mp3	024d4085a873427a260aaacade00c6ada31579ec18f40a435cc022f6dc8179a5	Azərbaycan Yazıçılar Birliyinin üzvü və Prezident təqaüdçüsüdür.		1	0	thirties				az	
6c2ddea22c8a7610e8d6e3cd9fde20ced80640d3b9b39d9d77aaf2ae70ff5342b982b8be00073ec120df7c6485630e61ac37ac6bf56d9a95f5363952ef85dce3	common_voice_az_40811864.mp3	01dd308ca57a3a25cd86ed2f611ebd4530878c88848a0e6c8dff66dac7be1f4f	Lakin bu başqa brend adı ilə fəaliyyət göstərəcək.		1	0	thirties				az	
6c2ddea22c8a7610e8d6e3cd9fde20ced80640d3b9b39d9d77aaf2ae70ff5342b982b8be00073ec120df7c6485630e61ac37ac6bf56d9a95f5363952ef85dce3	common_voice_az_40811886.mp3	0176a714c533701aa338b2f20bb47311f561d7a92fb5cef077b7585921e15546	Nazirlərin görüşü Bakıda keçirilmişdir.		1	1	thirties				az	
6c2ddea22c8a7610e8d6e3cd9fde20ced80640d3b9b39d9d77aaf2ae70ff5342b982b8be00073ec120df7c6485630e61ac37ac6bf56d9a95f5363952ef85dce3	common_voice_az_40811888.mp3	03078f918b9ee70b696875a54c83babff59c93d9e67e3d2be17908137a0cc5e4	Orada qaldığı müddətdə yalnız atların rəsmlərini çəkir və bu heyvanların sirrini anlamağa cəhd göstərir.		0	0	thirties				az	
6c2ddea22c8a7610e8d6e3cd9fde20ced80640d3b9b39d9d77aaf2ae70ff5342b982b8be00073ec120df7c6485630e61ac37ac6bf56d9a95f5363952ef85dce3	common_voice_az_40811889.mp3	0127a10480c40d6bb89ad2f4ae91ded4356500520a247b6906f0ea37b011fa39	Bundan yuxarıda isə iynəyarpaqlı meşələr uzanır.		1	0	thirties				az	
6c2ddea22c8a7610e8d6e3cd9fde20ced80640d3b9b39d9d77aaf2ae70ff5342b982b8be00073ec120df7c6485630e61ac37ac6bf56d9a95f5363952ef85dce3	common_voice_az_40819117.mp3	023e0d4d2bea8b8736dac5a56894f9ff5fa655dbd8997313fe0df103a843097f	Riyaziyyat elmlər doktoru.		0	0	thirties				az	
6c2ddea22c8a7610e8d6e3cd9fde20ced80640d3b9b39d9d77aaf2ae70ff5342b982b8be00073ec120df7c6485630e61ac37ac6bf56d9a95f5363952ef85dce3	common_voice_az_40819118.mp3	02843248ef6ee56f5f5abd9dac854ef29dff765bff932d43527e96ef1228f049	Lakin bütövlükdə bu missiyanın diplomatik kəşfiyyat xarakteri daşıdığı bildirilir.		0	0	thirties				az	
6c2ddea22c8a7610e8d6e3cd9fde20ced80640d3b9b39d9d77aaf2ae70ff5342b982b8be00073ec120df7c6485630e61ac37ac6bf56d9a95f5363952ef85dce3	common_voice_az_40819119.mp3	02bee98847d73ca7a00d0606403fdb4dd75daa1fff7c8eae1e3d00d4f6b5cbdb	Burada hazırda yaşayış yoxdur.		0	0	thirties				az	
6c2ddea22c8a7610e8d6e3cd9fde20ced80640d3b9b39d9d77aaf2ae70ff5342b982b8be00073ec120df7c6485630e61ac37ac6bf56d9a95f5363952ef85dce3	common_voice_az_40819120.mp3	01ec94f47445a5c8ac3421a69a82dbc30e3cba1544d13ffe15f080f416dcaf4c	Kolleci orada bitirib.		0	0	thirties				az	
6c2ddea22c8a7610e8d6e3cd9fde20ced80640d3b9b39d9d77aaf2ae70ff5342b982b8be00073ec120df7c6485630e61ac37ac6bf56d9a95f5363952ef85dce3	common_voice_az_40819121.mp3	02c6405c27a655bf018a273a0d814dcc607c76404dac1fc32969babc71a14a39	Dövlət bayrağının dizaynını izləyir.		0	0	thirties				az	
6c2ddea22c8a7610e8d6e3cd9fde20ced80640d3b9b39d9d77aaf2ae70ff5342b982b8be00073ec120df7c6485630e61ac37ac6bf56d9a95f5363952ef85dce3	common_voice_az_40819122.mp3	001e2c35a557ddbc9a3cbf3009e5b68ccb267b7357e71d1243185422544b11c8	Ailədə on uşaqdan biri olmuşdur.		1	0	thirties				az	
6c2ddea22c8a7610e8d6e3cd9fde20ced80640d3b9b39d9d77aaf2ae70ff5342b982b8be00073ec120df7c6485630e61ac37ac6bf56d9a95f5363952ef85dce3	common_voice_az_40819123.mp3	03481e5a8c48ccf28ad7e4205f22eda8f40d496a263c2bc64b638502e9514078	Terrorçular hətta onun doğum gününü də təyyarədə qeyd etmişdilər.		1	0	thirties				az	
6c2ddea22c8a7610e8d6e3cd9fde20ced80640d3b9b39d9d77aaf2ae70ff5342b982b8be00073ec120df7c6485630e61ac37ac6bf56d9a95f5363952ef85dce3	common_voice_az_40819124.mp3	02f9e35d3efda447989ba6a23ffa1a175a5afd2cd055abc845632ee709352a26	Bu blokun ölçüsü təşkilatın ölçüsündən asılıdır.		1	0	thirties				az	
6c2ddea22c8a7610e8d6e3cd9fde20ced80640d3b9b39d9d77aaf2ae70ff5342b982b8be00073ec120df7c6485630e61ac37ac6bf56d9a95f5363952ef85dce3	common_voice_az_40819126.mp3	00660156e6e5c11c26cfe4c70944946205db13e21823ccbe06141d6def3eb9fa	Üç ildən sonra Çilidə qadın komandaları ücün dünya birinciliyi keçirildi.		1	0	thirties				az	
6c2ddea22c8a7610e8d6e3cd9fde20ced80640d3b9b39d9d77aaf2ae70ff5342b982b8be00073ec120df7c6485630e61ac37ac6bf56d9a95f5363952ef85dce3	common_voice_az_40819127.mp3	00f70390bcf63cd71389429b3aa4bb6e91e2818677bb3c1619dbae907c57a581	Bu qayda ilə oyunda uşaqların hamısı iştirak edir.		1	0	thirties				az	
6c2ddea22c8a7610e8d6e3cd9fde20ced80640d3b9b39d9d77aaf2ae70ff5342b982b8be00073ec120df7c6485630e61ac37ac6bf56d9a95f5363952ef85dce3	common_voice_az_40819128.mp3	02579e7e39332e18a38ffa1c0a6b78d4ac2fdd47f653cdcfbeca6ce1d42c75b7	İki imperiya arasında sərhəd kimi Araz çayı qəbul edilirdi.		1	0	thirties				az	
6c2ddea22c8a7610e8d6e3cd9fde20ced80640d3b9b39d9d77aaf2ae70ff5342b982b8be00073ec120df7c6485630e61ac37ac6bf56d9a95f5363952ef85dce3	common_voice_az_40819131.mp3	031c507f2fc127803f8ec941920de083aad3966c07bd50ae6f05b63d4104eef5	Şəhərin adı "Açıq" türk etnonimi ilə bağlıdır.		0	0	thirties				az	
6c2ddea22c8a7610e8d6e3cd9fde20ced80640d3b9b39d9d77aaf2ae70ff5342b982b8be00073ec120df7c6485630e61ac37ac6bf56d9a95f5363952ef85dce3	common_voice_az_40819136.mp3	0115d845f4583cd1e19fb312864266c94c21563fdad9b0c463d112553fa8df2e	Onun Pyotr adlı gitarist qardaşı da var.		1	0	thirties				az	
6c2ddea22c8a7610e8d6e3cd9fde20ced80640d3b9b39d9d77aaf2ae70ff5342b982b8be00073ec120df7c6485630e61ac37ac6bf56d9a95f5363952ef85dce3	common_voice_az_40819137.mp3	01e2affe10ae4cd56250e0b0d9f2f75fe32b4b3e74b5613803c64ba055900f81	Məhz buna görə də Mirzə Fərəc müasirləri içərisində məşhur bir musiqişünas kimi də tanınır.		0	0	thirties				az	
6c2ddea22c8a7610e8d6e3cd9fde20ced80640d3b9b39d9d77aaf2ae70ff5342b982b8be00073ec120df7c6485630e61ac37ac6bf56d9a95f5363952ef85dce3	common_voice_az_40819139.mp3	0237bc178a0946820b63d6fbc670e3f222c75eb8543c066ed42daadaab9dea1b	Keçmiş Pioner küçəsi.		1	0	thirties				az	
6c2ddea22c8a7610e8d6e3cd9fde20ced80640d3b9b39d9d77aaf2ae70ff5342b982b8be00073ec120df7c6485630e61ac37ac6bf56d9a95f5363952ef85dce3	common_voice_az_40819165.mp3	023977d2f579776310431a3d3dc95539918109d7256cd5bebf755980d474bc38	Coğrafi proses təsərrüfat və cəmiyyətin həyatı üçün pozitiv və neqativ ola bilər.		1	0	thirties				az	
6c2ddea22c8a7610e8d6e3cd9fde20ced80640d3b9b39d9d77aaf2ae70ff5342b982b8be00073ec120df7c6485630e61ac37ac6bf56d9a95f5363952ef85dce3	common_voice_az_40819170.mp3	0133622bd5b6553dac343834635d94d0f553c3e5b5f2f06e8be908ab66f269fc	Əmir öz fərmanı ilə Məhkəmənin istənilən qərarını ləğv edə bilər.		0	0	thirties				az	
6c2ddea22c8a7610e8d6e3cd9fde20ced80640d3b9b39d9d77aaf2ae70ff5342b982b8be00073ec120df7c6485630e61ac37ac6bf56d9a95f5363952ef85dce3	common_voice_az_40819174.mp3	018c2fe3fa8d49045da9e65c263d6521393db833e9790e576d4c852b78e8b484	Abşeronda bağ və parklarda rast gəlinir.		1	0	thirties				az	
6c2ddea22c8a7610e8d6e3cd9fde20ced80640d3b9b39d9d77aaf2ae70ff5342b982b8be00073ec120df7c6485630e61ac37ac6bf56d9a95f5363952ef85dce3	common_voice_az_40819175.mp3	0198088ba1f9da20c5fc9609a77f92aa8ff52cdff28f327af23a8078654d00eb	Yalnız cinsi sistem inkişaf etməmiş olur.		1	0	thirties				az	
6c2ddea22c8a7610e8d6e3cd9fde20ced80640d3b9b39d9d77aaf2ae70ff5342b982b8be00073ec120df7c6485630e61ac37ac6bf56d9a95f5363952ef85dce3	common_voice_az_40819176.mp3	02db16b44f58a28db041d945958753edddddece6cce47c6e9c4746a81fb5daf5	Realist aktyor məktəbinə mənsubdur.		1	0	thirties				az	
4330a3785df536c848d80fb034d51d7e18c29edca132b2bc22fd9c96304bf06935f978f0c05c7fce26a8d4568f30cb95108fc78ebbe47e577d6968478c22ad54	common_voice_az_40862169.mp3	03022add3b3a62da4acb79abc684cb05cf7c6e1e7cbdffb865c60810bb6ce1a1	Ailə Los Ancelesdə yaşayır.		0	0	thirties				az	
4330a3785df536c848d80fb034d51d7e18c29edca132b2bc22fd9c96304bf06935f978f0c05c7fce26a8d4568f30cb95108fc78ebbe47e577d6968478c22ad54	common_voice_az_40862170.mp3	034c32a1d25bd1568842536d4c37dcb39bacbb9a494caa120aa436f60a256c69	Repressiya illərində isə anası Stalinin düşərgələrində ölüb.		1	0	thirties				az	
4330a3785df536c848d80fb034d51d7e18c29edca132b2bc22fd9c96304bf06935f978f0c05c7fce26a8d4568f30cb95108fc78ebbe47e577d6968478c22ad54	common_voice_az_40862171.mp3	0369786722032e5b82c4335a6e84d108f0e5600eec133b20a6b626fcfa6eadf0	Arif Türkiyəyə sürgün edildi.		1	0	thirties				az	
4330a3785df536c848d80fb034d51d7e18c29edca132b2bc22fd9c96304bf06935f978f0c05c7fce26a8d4568f30cb95108fc78ebbe47e577d6968478c22ad54	common_voice_az_40862174.mp3	032e239967920a0459411188eaeec4f73eedd12a115be12a8e7c621652104199	Bu Hessen Yayım kompaniyasının keçmiş qərargahı idi.		0	0	thirties				az	
4330a3785df536c848d80fb034d51d7e18c29edca132b2bc22fd9c96304bf06935f978f0c05c7fce26a8d4568f30cb95108fc78ebbe47e577d6968478c22ad54	common_voice_az_40862189.mp3	035f4ee907b0ba63f88c472a60509ce331d2e003d9819d50024082d40ec1af61	Bu iki ada arasında isə Malı adası yerləşir.		1	0	thirties				az	
4330a3785df536c848d80fb034d51d7e18c29edca132b2bc22fd9c96304bf06935f978f0c05c7fce26a8d4568f30cb95108fc78ebbe47e577d6968478c22ad54	common_voice_az_40862190.mp3	03342320772507ba8e78e8c2b04343894c5afae1868be60d43e67399a39f0134	Sərhəd şərtlərinin məhdud bir ərazi üçün verilməsi nisbətən asan məsələdir.		1	0	thirties				az	
4330a3785df536c848d80fb034d51d7e18c29edca132b2bc22fd9c96304bf06935f978f0c05c7fce26a8d4568f30cb95108fc78ebbe47e577d6968478c22ad54	common_voice_az_40862191.mp3	00298fa6751362b0e676582e381b09b1dd514268a33a403bff794d73f2ecd775	Məntəqə adanın cənubunda yerləşir.		0	1	thirties				az	
4330a3785df536c848d80fb034d51d7e18c29edca132b2bc22fd9c96304bf06935f978f0c05c7fce26a8d4568f30cb95108fc78ebbe47e577d6968478c22ad54	common_voice_az_40862192.mp3	025c165ef3dce8cf9080e22995b0e0732c1c90b67b7533c8be3756bf4176706a	Öz rəsmlərində də bu yanaşması açıq şəkildə görülür.		0	0	thirties				az	
4330a3785df536c848d80fb034d51d7e18c29edca132b2bc22fd9c96304bf06935f978f0c05c7fce26a8d4568f30cb95108fc78ebbe47e577d6968478c22ad54	common_voice_az_40862197.mp3	029dccd54dc0ed7e1a6856f3380f628ac600d6cb201f175947bdbe50b51124bb	Əsas böyük hissəsi isə Qacarların ilk dövründə tikilib.		1	0	thirties				az	
4330a3785df536c848d80fb034d51d7e18c29edca132b2bc22fd9c96304bf06935f978f0c05c7fce26a8d4568f30cb95108fc78ebbe47e577d6968478c22ad54	common_voice_az_40862198.mp3	02778e97d73c678c16725a32698862ba7da60bb0af5434ad308cfa7ccb2a7df5	Hərəkət haqqında təlimin inkişafında Hegel xüsusi yer tutur.		0	0	thirties				az	
4330a3785df536c848d80fb034d51d7e18c29edca132b2bc22fd9c96304bf06935f978f0c05c7fce26a8d4568f30cb95108fc78ebbe47e577d6968478c22ad54	common_voice_az_40862199.mp3	0338ccb59a73715ffab69f0427c31fb09ef84e9c47bfee74139c1e5625d581a3	Ətrafının bəzi yerlərində bataqlıqlar var.		0	0	thirties				az	
4330a3785df536c848d80fb034d51d7e18c29edca132b2bc22fd9c96304bf06935f978f0c05c7fce26a8d4568f30cb95108fc78ebbe47e577d6968478c22ad54	common_voice_az_40862201.mp3	01aa6788cb998f0ebc638241c7c04e89aad0f79e4aa233c2b59866a23a103ce9	Ataları Həzrəti Yaqub ən çox Yusifi sevirdi.		1	0	thirties				az	
d21d6d86909cd6fdfde5cfcafc87387352c0912ff80b6d4100991abc56efc1b9867c9ba75061d5c8f7bbb538a900a5459b9daf967e382364d07f2f7d7691ffde	common_voice_az_41030971.mp3	02cf3d04fa68b77963fe7a800927c619cb6ae01fd04b04c66849c6f6bfb5876f	Romanda yazıçı partizan təşkilatlarının quruluşunu və iş prinsiplərini dəqiq və ətraflı təsvir etmişdir.		0	0					az	
d21d6d86909cd6fdfde5cfcafc87387352c0912ff80b6d4100991abc56efc1b9867c9ba75061d5c8f7bbb538a900a5459b9daf967e382364d07f2f7d7691ffde	common_voice_az_41030972.mp3	02042d99e5e71fbc34293d9890fa22108afb0e9fdb458ec04cca1fad06658c2a	Məsafədə yerləşən "Karaz" bölgənin ən qədim yaşayış məskənlərindən biridir.		1	0					az	
d21d6d86909cd6fdfde5cfcafc87387352c0912ff80b6d4100991abc56efc1b9867c9ba75061d5c8f7bbb538a900a5459b9daf967e382364d07f2f7d7691ffde	common_voice_az_41030975.mp3	02a1c703c9d73c492ad4facd12071969bcf601ff67c1a9f7d6eb2896fb94b600	Həftənin üçüncü günlərində yalnız əxlaq dərsi verirdi.		0	0					az	
d21d6d86909cd6fdfde5cfcafc87387352c0912ff80b6d4100991abc56efc1b9867c9ba75061d5c8f7bbb538a900a5459b9daf967e382364d07f2f7d7691ffde	common_voice_az_41030977.mp3	02dcad7ca3ed2b526e3314fac1c6a2bf3b95c96a6cd4fafe33191af4b0d264e6	Saray olduqca kiçik bir qala üzərində tikilmişdir.		0	0					az	
facb8ad2110b8c164cdbef617ed1ab96e2fe8861c1f02bc4e6fb606caf7bf91964fe912853185730bc5acb10568b7e73aa6b0c74c7e0f2d70e3a111d71ab0f0a	common_voice_az_41232409.mp3	02da3761cfb1a723ff465cf26c156b98d8ef72ae66634182e38ce5ebb5db8361	Buna cavab olaraq Teymur Cənubi Qafqazı işğal etdi və onu öz dövlətinə qatdı.		0	1					az	
facb8ad2110b8c164cdbef617ed1ab96e2fe8861c1f02bc4e6fb606caf7bf91964fe912853185730bc5acb10568b7e73aa6b0c74c7e0f2d70e3a111d71ab0f0a	common_voice_az_41232410.mp3	012f370201baf46a7e7944c13efaa945cf550e0cf4a80c83c6977e2ece19f1c3	Parkın yaşayış məntəqələrindən uzaq məsafədə yerləşməsi səbəbindən turizm imkanları olduqca aşağıdır.		0	1					az	
facb8ad2110b8c164cdbef617ed1ab96e2fe8861c1f02bc4e6fb606caf7bf91964fe912853185730bc5acb10568b7e73aa6b0c74c7e0f2d70e3a111d71ab0f0a	common_voice_az_41232411.mp3	033ee9fcc374066c29053dc845ea6c03b47c7dd0aaf3ffb14ab753d97b0eb15d	Onlar əcdadlarının əlamətlərini xatırladır.		0	0					az	
facb8ad2110b8c164cdbef617ed1ab96e2fe8861c1f02bc4e6fb606caf7bf91964fe912853185730bc5acb10568b7e73aa6b0c74c7e0f2d70e3a111d71ab0f0a	common_voice_az_41232413.mp3	02bcbd11bc9efd7b87f8e0625457e1525a0104bd61481afaba7662fc92aeea2b	Bu elmlərin əsas və ortaq olmaq şərti ilə iki xüsusiyyəti var.		0	0					az	
16f7e06e5fdc4d18cb8eeea0e4eb8aa7c67711314281ac948a6be88b5ef3cbdd235110389cacf258d3bc50d8a21e9d8a3af7a5de66cb5c57403a828e2379dd0e	common_voice_az_42351933.mp3	035e350a72062aaa176cd76ee4b86543b109600b00825bb285d08eb522370c2d	Şərab içmək fikrinə düşdülər.		0	0					az	
16f7e06e5fdc4d18cb8eeea0e4eb8aa7c67711314281ac948a6be88b5ef3cbdd235110389cacf258d3bc50d8a21e9d8a3af7a5de66cb5c57403a828e2379dd0e	common_voice_az_42351934.mp3	0345f6771f118aa8cc8b167f0810b7dbec7be23354b0d6bd25ae3c4673a79d64	İnsanın istirahəti və sağlamlığının bərpası məqsədilə ayrılmış ərazilər haqqında məlumatların məcmusu.		1	0					az	
16f7e06e5fdc4d18cb8eeea0e4eb8aa7c67711314281ac948a6be88b5ef3cbdd235110389cacf258d3bc50d8a21e9d8a3af7a5de66cb5c57403a828e2379dd0e	common_voice_az_42351937.mp3	01f1fb6fa7315e11b04bbaf768365439e8d0eacde3f719be2d31ac3fc35fde2b	Qadınların həyatında hamamlar böyük rol oynamışdır.		0	0					az	
800821b956e085608292723543adb108d034f7651651b06bed11545d30360cecbe4b4b9a3ece1b524bceb271eefb555820b4a1bff0a2419a8be41cb00bc0c957	common_voice_az_42550084.mp3	038280b6851a137f062c991350f00552cdc42cb23a33e81ced4f46ff82bfecc2	Müasir həyatda belə batil inanclar həddən artıq çoxdur.		0	0	thirties				az	
800821b956e085608292723543adb108d034f7651651b06bed11545d30360cecbe4b4b9a3ece1b524bceb271eefb555820b4a1bff0a2419a8be41cb00bc0c957	common_voice_az_42550085.mp3	02ce3e795771689c4993a352dc8397848cb37985af0c57dacd1ef9b3cb4d4368	Bu birləşmədən isə aşağı qatlarda olan maddi təbiət və heyvanlar yaradılmışdır.		1	0	thirties				az	
800821b956e085608292723543adb108d034f7651651b06bed11545d30360cecbe4b4b9a3ece1b524bceb271eefb555820b4a1bff0a2419a8be41cb00bc0c957	common_voice_az_42550086.mp3	036d8ec889339c39125bcb115119131afe32d5ae2ea99c4ac3c459469c7024c1	Sonradan stansiya Polşaya dövr edilmişdir.		1	0	thirties				az	
800821b956e085608292723543adb108d034f7651651b06bed11545d30360cecbe4b4b9a3ece1b524bceb271eefb555820b4a1bff0a2419a8be41cb00bc0c957	common_voice_az_42550088.mp3	03122ee5b1321bf61cc542c1d637f6aef7089325d202a8f7a3c41105a3f4f2b8	Eləcə də Antalya və Adana illərinin bəzi qəsəbələrində də Afrika əsilli şəxslər yaşayırlar.		1	1	thirties				az	
05f21728db29b91cf9db9921bb95ee79537a63feb40a12904e4dac2c21c3d8ebffd9f9629f514e0e3aef1719d0d6a81ea8a9d8cada44628cfe1934c70f667679	common_voice_az_42600930.mp3	01ea90be2cf390a9d83286c1b9389b10f66e7123e234c1ece4f3ac93c1ebb274	Ona babası və nənəsi baxıb.		1	0	fourties				az	
05f21728db29b91cf9db9921bb95ee79537a63feb40a12904e4dac2c21c3d8ebffd9f9629f514e0e3aef1719d0d6a81ea8a9d8cada44628cfe1934c70f667679	common_voice_az_42600931.mp3	0370721aa7247f9bfb5fef80d55dad6db49b7d6919f1073e0993bf54c10e78e6	Eldar Xəlilov Şəhidlər xiyabanında dəfn edilmişdir.		0	0	fourties				az	
05f21728db29b91cf9db9921bb95ee79537a63feb40a12904e4dac2c21c3d8ebffd9f9629f514e0e3aef1719d0d6a81ea8a9d8cada44628cfe1934c70f667679	common_voice_az_42600932.mp3	02de9f41f81c78097d47ef57f9f200e3be06c14a4966cfa537ecb41244077c87	Bığcıqları qaradır.		0	0	fourties				az	
05f21728db29b91cf9db9921bb95ee79537a63feb40a12904e4dac2c21c3d8ebffd9f9629f514e0e3aef1719d0d6a81ea8a9d8cada44628cfe1934c70f667679	common_voice_az_42600933.mp3	031a4d4b13a6c1bc0e30a56005a855438942b1cbdb79ea7138b940232d155d89	Yaxınlıqda şəhərin gözəl mənzərəsi açılan Olimpik stadion vardır.		0	0	fourties				az	
05f21728db29b91cf9db9921bb95ee79537a63feb40a12904e4dac2c21c3d8ebffd9f9629f514e0e3aef1719d0d6a81ea8a9d8cada44628cfe1934c70f667679	common_voice_az_42600934.mp3	037664a07b7b52e197448d8532ff4e7f843d96eb349d50b3f59e7af248ea1662	Bir çox saraylar tikdirdi.		0	0	fourties				az	
4330a3785df536c848d80fb034d51d7e18c29edca132b2bc22fd9c96304bf06935f978f0c05c7fce26a8d4568f30cb95108fc78ebbe47e577d6968478c22ad54	common_voice_az_42621066.mp3	03359b080a9612bed55848f720bbd5819281be3cc5a4b5f920def3ff9995dea2	Üzdə xalqın tərəfini saxlayan bu hiyləgər hökmdar qəddarlığı ilə də tanınırdı.		1	0	thirties				az	
4330a3785df536c848d80fb034d51d7e18c29edca132b2bc22fd9c96304bf06935f978f0c05c7fce26a8d4568f30cb95108fc78ebbe47e577d6968478c22ad54	common_voice_az_42621067.mp3	01550bbedcacd52c01ac3ae2b86d8a87c0875d837655155264c759aa09e07f0e	Parlamentdə qanun layihələri qəbul edildikdən sonra imzalanması üçün dövlət başçısına göndərilir.		0	0	thirties				az	
4330a3785df536c848d80fb034d51d7e18c29edca132b2bc22fd9c96304bf06935f978f0c05c7fce26a8d4568f30cb95108fc78ebbe47e577d6968478c22ad54	common_voice_az_42621068.mp3	016319402664f4e97809250715e9f406e1269a0f37a0a08582b312d08a7a583f	Partlayışlar tunelin hidroloji vəziyyətini dəyişdirdi.		0	0	thirties				az	
4330a3785df536c848d80fb034d51d7e18c29edca132b2bc22fd9c96304bf06935f978f0c05c7fce26a8d4568f30cb95108fc78ebbe47e577d6968478c22ad54	common_voice_az_42621069.mp3	037e4c7c24e3c12ae754caf2a55b8e7861f8e7fcf5a551b046b663780822487a	Zeynal on ildən çox o vəzifədə işlədi.		1	0	thirties				az	
4330a3785df536c848d80fb034d51d7e18c29edca132b2bc22fd9c96304bf06935f978f0c05c7fce26a8d4568f30cb95108fc78ebbe47e577d6968478c22ad54	common_voice_az_42621070.mp3	02c5de608bd1ecb5123b362240b54ae88495d40c8a70d94a8f184cf8280f9830	Nar suyu hərarəti götürür.		0	0	thirties				az	
4330a3785df536c848d80fb034d51d7e18c29edca132b2bc22fd9c96304bf06935f978f0c05c7fce26a8d4568f30cb95108fc78ebbe47e577d6968478c22ad54	common_voice_az_42621071.mp3	035f8436302ca904e54f929dd70687e188845896b03f2f7e2aa268a6dae74af6	Dişi iki həftəyə yaxın kürt yatır.		0	0	thirties				az	
4330a3785df536c848d80fb034d51d7e18c29edca132b2bc22fd9c96304bf06935f978f0c05c7fce26a8d4568f30cb95108fc78ebbe47e577d6968478c22ad54	common_voice_az_42621073.mp3	027b45dba86a5c45656b745f9a33999506fd429edcab663abb114534265a5207	Əsərləri xarici ölkə xalqlarının dilində nəşr olunmuşdur.		1	0	thirties				az	
4330a3785df536c848d80fb034d51d7e18c29edca132b2bc22fd9c96304bf06935f978f0c05c7fce26a8d4568f30cb95108fc78ebbe47e577d6968478c22ad54	common_voice_az_42621074.mp3	02e8b21cda8187b1281434af42dad7e3853c8b7c8381c22e0f33a6edf28919af	Xarəzm Sovet Sosialist Respublikasının rəsmi dilləri özbək və rus dilləri idi.		0	1	thirties				az	
4330a3785df536c848d80fb034d51d7e18c29edca132b2bc22fd9c96304bf06935f978f0c05c7fce26a8d4568f30cb95108fc78ebbe47e577d6968478c22ad54	common_voice_az_42621075.mp3	031b666033d5aa9c211923fd3c4c88e20594de9077f48032e03ed60fa2b02429	Rəşid bəy Sultanov Georgi xaçı ilə təltif edilmişdi.		0	0	thirties				az	
4330a3785df536c848d80fb034d51d7e18c29edca132b2bc22fd9c96304bf06935f978f0c05c7fce26a8d4568f30cb95108fc78ebbe47e577d6968478c22ad54	common_voice_az_42621076.mp3	03636f165246bc7b840c67917b7822e5523d16905fd3bad44cc4cecf99f3c1c2	Gümüş ionları bütün bitkilərin tərkibində daima olur.		0	0	thirties				az	
4330a3785df536c848d80fb034d51d7e18c29edca132b2bc22fd9c96304bf06935f978f0c05c7fce26a8d4568f30cb95108fc78ebbe47e577d6968478c22ad54	common_voice_az_42621077.mp3	03659146085e4b29b75c87974cf3ed4f664552dedbb86968c4bca9783ecc1b00	Kənddən gələn Leyla Əhmədi bu muzeyə aparır.		0	0	thirties				az	
4330a3785df536c848d80fb034d51d7e18c29edca132b2bc22fd9c96304bf06935f978f0c05c7fce26a8d4568f30cb95108fc78ebbe47e577d6968478c22ad54	common_voice_az_42621078.mp3	0208a37f62d776358cbb23954a6bfbdd8bc442cc0bf973caa39a6b16e6e00e7b	Mübarizə çox ağır keçdi.		0	0	thirties				az	
4330a3785df536c848d80fb034d51d7e18c29edca132b2bc22fd9c96304bf06935f978f0c05c7fce26a8d4568f30cb95108fc78ebbe47e577d6968478c22ad54	common_voice_az_42621079.mp3	033d7df7b6698577b9617e5a158e0e610e32b6f2179513127fb2a0cf318c4555	Rəssam İbrahim Səfiyev sənətlə dolu ömrünü saysız hesabsız qiymətli əsərləri ilə zənginləşdirmişdir.		0	0	thirties				az	
4330a3785df536c848d80fb034d51d7e18c29edca132b2bc22fd9c96304bf06935f978f0c05c7fce26a8d4568f30cb95108fc78ebbe47e577d6968478c22ad54	common_voice_az_42621080.mp3	0210aea5c5ad2c0e049d8d553588fef11d0c91ec3c58a60e792828307e5f8f29	Alışmışam öz oduma yanıram,Qoy söykənsin közümüzə közümüz.		1	0	thirties				az	
4330a3785df536c848d80fb034d51d7e18c29edca132b2bc22fd9c96304bf06935f978f0c05c7fce26a8d4568f30cb95108fc78ebbe47e577d6968478c22ad54	common_voice_az_42621081.mp3	0299e24d115e6016e9bc9eac2980d5410464468af5f31f02bf1ed68e9582cad3	Asiya və Afrika Xalqlarının Həmrəylik Təşkilatının Sovet üzvü idi.		0	0	thirties				az	
4330a3785df536c848d80fb034d51d7e18c29edca132b2bc22fd9c96304bf06935f978f0c05c7fce26a8d4568f30cb95108fc78ebbe47e577d6968478c22ad54	common_voice_az_42621082.mp3	02e49fd9e327259e17eed7b9faa66dad78defbacd31f1960864f5361e9408672	Sisian mahalında kənd.		1	0	thirties				az	
4330a3785df536c848d80fb034d51d7e18c29edca132b2bc22fd9c96304bf06935f978f0c05c7fce26a8d4568f30cb95108fc78ebbe47e577d6968478c22ad54	common_voice_az_42621084.mp3	023ec0c927b2d68a6bce253b95a5254f66ef3231b0d66141deaec4b4e3133f10	Kilsə bir araya gələn üç ayrı şapeldən ibarətdir.		0	0	thirties				az	
4330a3785df536c848d80fb034d51d7e18c29edca132b2bc22fd9c96304bf06935f978f0c05c7fce26a8d4568f30cb95108fc78ebbe47e577d6968478c22ad54	common_voice_az_42621085.mp3	0099657041e17182776d80b0cdc003669bc2f0cd6b3403d1fd0d4b6541dfad22	Yazıçı hazırda Fransada yaşayır.		1	0	thirties				az	
4330a3785df536c848d80fb034d51d7e18c29edca132b2bc22fd9c96304bf06935f978f0c05c7fce26a8d4568f30cb95108fc78ebbe47e577d6968478c22ad54	common_voice_az_42621086.mp3	03019bd631b517ddf8c3bae2eb139b4f413a13edfbd637129f41b7f80a92b1bf	Gölün ətrafı milli parkdır.		0	0	thirties				az	
4330a3785df536c848d80fb034d51d7e18c29edca132b2bc22fd9c96304bf06935f978f0c05c7fce26a8d4568f30cb95108fc78ebbe47e577d6968478c22ad54	common_voice_az_42621087.mp3	033f2e63460cba78e1d5ce81435db9b2eeeb372bdc4e9cda016a8ff8301721d9	İstanbulda Fateh Sultan Mehmedin sarayında yaxşı bir təhsil gördü.		0	0	thirties				az	
4330a3785df536c848d80fb034d51d7e18c29edca132b2bc22fd9c96304bf06935f978f0c05c7fce26a8d4568f30cb95108fc78ebbe47e577d6968478c22ad54	common_voice_az_42621088.mp3	0226cd55e73e374d2242e449642ccf37ba3b4feccdc05e20d647c687d5af48f2	Bu müalicə nəticəsiz qaldı.		0	0	thirties				az	
4330a3785df536c848d80fb034d51d7e18c29edca132b2bc22fd9c96304bf06935f978f0c05c7fce26a8d4568f30cb95108fc78ebbe47e577d6968478c22ad54	common_voice_az_42621089.mp3	0151a566830545ca3857ba731dadd941a7b66123eefec96a29f37210110e94f4	Bunlardan birisi də Ərətna bəy idi.		0	0	thirties				az	
4330a3785df536c848d80fb034d51d7e18c29edca132b2bc22fd9c96304bf06935f978f0c05c7fce26a8d4568f30cb95108fc78ebbe47e577d6968478c22ad54	common_voice_az_42621090.mp3	020c24703cd9d87df2eaff3ae1abca4627857d0c6a59e93eb4be8a516cce5810	Onun atası Roma sərkərdələrindən biri olmuşdur.		0	0	thirties				az	
4330a3785df536c848d80fb034d51d7e18c29edca132b2bc22fd9c96304bf06935f978f0c05c7fce26a8d4568f30cb95108fc78ebbe47e577d6968478c22ad54	common_voice_az_42621091.mp3	02ac39f85ef037d944ba0d2f1d0adb0d96488de5c2469e9dc954117585584372	Fasadında yeddi pəncərə vardır.		0	0	thirties				az	
4330a3785df536c848d80fb034d51d7e18c29edca132b2bc22fd9c96304bf06935f978f0c05c7fce26a8d4568f30cb95108fc78ebbe47e577d6968478c22ad54	common_voice_az_42621092.mp3	01f6da0bc288d8f50cf611c1b0aa1338c221b31b2d43a0eb01321b1768ca6a14	Sahillərinə yaxın sularda çoxlu sualtı və su üstü daşlı qayalıqlar vardır.		0	0	thirties				az	
4330a3785df536c848d80fb034d51d7e18c29edca132b2bc22fd9c96304bf06935f978f0c05c7fce26a8d4568f30cb95108fc78ebbe47e577d6968478c22ad54	common_voice_az_42621093.mp3	034efbce5464947cd64ee6848ec7578b9064b643477096c6ab567cb55e386fc8	Şahsevən əmirləri ona tabe oldular.		0	0	thirties				az	
4330a3785df536c848d80fb034d51d7e18c29edca132b2bc22fd9c96304bf06935f978f0c05c7fce26a8d4568f30cb95108fc78ebbe47e577d6968478c22ad54	common_voice_az_42621094.mp3	0058d6b7ff40cd77adda4546ef82c73996eb8fd9caa8f4fac6129553bd217f83	Trayan dövründə Romada böyük tikinti işləri görülmüşdü.		0	0	thirties				az	
4330a3785df536c848d80fb034d51d7e18c29edca132b2bc22fd9c96304bf06935f978f0c05c7fce26a8d4568f30cb95108fc78ebbe47e577d6968478c22ad54	common_voice_az_42621095.mp3	033243bb6f6ff542206591491a27ed1f257f6ce8387c4317680bd888f4b9b438	Bu sülalə fars tayfa ittifaqına rəhbərlik edirdi.		0	0	thirties				az	
4330a3785df536c848d80fb034d51d7e18c29edca132b2bc22fd9c96304bf06935f978f0c05c7fce26a8d4568f30cb95108fc78ebbe47e577d6968478c22ad54	common_voice_az_42621096.mp3	0348c9adc2eeaa602d6eac155ab8fe3a35f8442d6f242e5cf5be28b3ec95cf79	Müasir insan mühitinin bütün elementləri eyni şəkildə həyata keçirildiyi bir sintetik üslub olmağa çalışdı.		0	0	thirties				az	
4330a3785df536c848d80fb034d51d7e18c29edca132b2bc22fd9c96304bf06935f978f0c05c7fce26a8d4568f30cb95108fc78ebbe47e577d6968478c22ad54	common_voice_az_42621098.mp3	00c45aef73c2c75f352b37d71233e371d9711f5441d7a2bc9292cda7b53e73b9	Məscid yerləşdiyi məhəllənin adını daşıyır.		0	0	thirties				az	
4330a3785df536c848d80fb034d51d7e18c29edca132b2bc22fd9c96304bf06935f978f0c05c7fce26a8d4568f30cb95108fc78ebbe47e577d6968478c22ad54	common_voice_az_42621099.mp3	02e6d56c88a6909cf5baf874bab8afa9d8cd84efc29751f5ea270b21c45f679b	Yalnız bir neçə kənddə danışılır.		0	0	thirties				az	
4330a3785df536c848d80fb034d51d7e18c29edca132b2bc22fd9c96304bf06935f978f0c05c7fce26a8d4568f30cb95108fc78ebbe47e577d6968478c22ad54	common_voice_az_42621100.mp3	02c05a93817f56c179668e2226475a2f4b0b81c71c87118df713934a9235b395	Burada onu çətin günlər gözləyir.		0	0	thirties				az	
4330a3785df536c848d80fb034d51d7e18c29edca132b2bc22fd9c96304bf06935f978f0c05c7fce26a8d4568f30cb95108fc78ebbe47e577d6968478c22ad54	common_voice_az_42621105.mp3	02407af6c7b6c073f27b2e444a5161a259c3560e776c3cc1c19ecafd4065cf02	Daşqın martda başlayıb iyunun əvvəllərinə kimi davam edir.		0	0	thirties				az	
4330a3785df536c848d80fb034d51d7e18c29edca132b2bc22fd9c96304bf06935f978f0c05c7fce26a8d4568f30cb95108fc78ebbe47e577d6968478c22ad54	common_voice_az_42621106.mp3	034406b6908e10b99074fc8df25644ababfe9fb2e33ec79102606fd1ce07a0c2	Zivər xanım portret ustası kimi tanınmış və zəngin bir qalereya yaratmışdır.		1	0	thirties				az	
4330a3785df536c848d80fb034d51d7e18c29edca132b2bc22fd9c96304bf06935f978f0c05c7fce26a8d4568f30cb95108fc78ebbe47e577d6968478c22ad54	common_voice_az_42621107.mp3	038bc94967ec996d177deeee65b905a04c0be27d5694df504f5dc7c0324bf321	Materik sahillərindən manqrov meşələri ilə örtülüdür.		0	0	thirties				az	
4330a3785df536c848d80fb034d51d7e18c29edca132b2bc22fd9c96304bf06935f978f0c05c7fce26a8d4568f30cb95108fc78ebbe47e577d6968478c22ad54	common_voice_az_42621109.mp3	031b97e59605b7fa9786f56dd9d45a2f525016417dab5685d2364efcd172fdf5	Göldə dövrü təkrarlanan qasırğalar baş verir.		0	0	thirties				az	
4330a3785df536c848d80fb034d51d7e18c29edca132b2bc22fd9c96304bf06935f978f0c05c7fce26a8d4568f30cb95108fc78ebbe47e577d6968478c22ad54	common_voice_az_42621110.mp3	01f9de8622ab3011bd6fca17d959b4dfe92af860a317ef136a39c4b90258461d	Kom buzlağı Antarktik yarımadasında yerləşir.		0	0	thirties				az	
4330a3785df536c848d80fb034d51d7e18c29edca132b2bc22fd9c96304bf06935f978f0c05c7fce26a8d4568f30cb95108fc78ebbe47e577d6968478c22ad54	common_voice_az_42621111.mp3	009940ffe58a2db1a7c0ba23a6c1748e737c5e6c8e3d47ac49e8f3dbd1b6c611	Albom Latın Amerikasında liderlik edirdi.		0	0	thirties				az	
4330a3785df536c848d80fb034d51d7e18c29edca132b2bc22fd9c96304bf06935f978f0c05c7fce26a8d4568f30cb95108fc78ebbe47e577d6968478c22ad54	common_voice_az_42621112.mp3	023683cf269d9611d41201a6670d7055a0c5ba3fa751f5b3dbace3f26ece57f4	Bu film Çingiz xanın yaşam yolu haqqındadır.		0	0	thirties				az	
4330a3785df536c848d80fb034d51d7e18c29edca132b2bc22fd9c96304bf06935f978f0c05c7fce26a8d4568f30cb95108fc78ebbe47e577d6968478c22ad54	common_voice_az_42621113.mp3	01b07420c8af3805deca726aec31885246d1495320aac0047b15e2477f743766	Aspirantura proqramları İngilis dilində tədris ilə beynəlxalq aspirant proqramlarına əsaslanır.		0	0	thirties				az	
4330a3785df536c848d80fb034d51d7e18c29edca132b2bc22fd9c96304bf06935f978f0c05c7fce26a8d4568f30cb95108fc78ebbe47e577d6968478c22ad54	common_voice_az_42621115.mp3	0274354b74a9e02a99ff7d5d7de9379d2fa86724e51d5b662684db3c4186b92f	Xidmətinin bir ili tamam olduğu üçün Bakı şəhərinə təyinat alıb.		0	0	thirties				az	
4330a3785df536c848d80fb034d51d7e18c29edca132b2bc22fd9c96304bf06935f978f0c05c7fce26a8d4568f30cb95108fc78ebbe47e577d6968478c22ad54	common_voice_az_42621116.mp3	021108ff460cd3586b684df0409cb6a6a55e3a0a3527a8cc437697f5cdfc4e0d	Çiçəkləmə dövründə dekorativ görünür.		0	1	thirties				az	
4330a3785df536c848d80fb034d51d7e18c29edca132b2bc22fd9c96304bf06935f978f0c05c7fce26a8d4568f30cb95108fc78ebbe47e577d6968478c22ad54	common_voice_az_42621118.mp3	017384ad030fcf3768336ef77ecd62927e5b1dd112fe91f672bec7d1f096fdf1	Ərazisi şərqdən qərbə doğru uzanır.		0	0	thirties				az	
4330a3785df536c848d80fb034d51d7e18c29edca132b2bc22fd9c96304bf06935f978f0c05c7fce26a8d4568f30cb95108fc78ebbe47e577d6968478c22ad54	common_voice_az_42621129.mp3	0320357d5212c26396c6a1d07c15bf3ead1e798f31a61851fb25a895cd0d6800	İndi də bu ənənə davam etdirilir.		0	0	thirties				az	
4330a3785df536c848d80fb034d51d7e18c29edca132b2bc22fd9c96304bf06935f978f0c05c7fce26a8d4568f30cb95108fc78ebbe47e577d6968478c22ad54	common_voice_az_42621130.mp3	0224656dfcd005b96c668c80e445209ade6f521b5e7874fe09a9a974c794079c	Sonra siyasətə başlamışdı.		0	0	thirties				az	
4330a3785df536c848d80fb034d51d7e18c29edca132b2bc22fd9c96304bf06935f978f0c05c7fce26a8d4568f30cb95108fc78ebbe47e577d6968478c22ad54	common_voice_az_42621136.mp3	031f6b398655979dab1fb7b218dc3f5e2925f0bceb1dcca7537090588c959def	Rauf Nağıyev bir çox televiziya filmlərinin müəllifidir.		0	0	thirties				az	
4330a3785df536c848d80fb034d51d7e18c29edca132b2bc22fd9c96304bf06935f978f0c05c7fce26a8d4568f30cb95108fc78ebbe47e577d6968478c22ad54	common_voice_az_42621137.mp3	03b468999120b752d562eeac7e59c2f27f205d9ed79b88ebc3c7c38f829aef75	Filmin başlanğıcında bir qrup əsgər formasında olan araşdırmaçılar göstərilir.		0	0	thirties				az	
79759f8ed0e00b48cec14c44fd170ca2a0d2030b57f884b443b5227867b42bc7ebb62597e2655f407ffa0dae97583a359e4211067c3c7c0dd816d416602c6b87	common_voice_az_42970490.mp3	031a400691ba43a7a521e0a4b3202ed368def195b8d4e2b2d7d872b9881409ee	Bina anbar hissədən istifadə edilməklə genişləndirilmişdir.		0	0					az	
79759f8ed0e00b48cec14c44fd170ca2a0d2030b57f884b443b5227867b42bc7ebb62597e2655f407ffa0dae97583a359e4211067c3c7c0dd816d416602c6b87	common_voice_az_42970491.mp3	01b389ceea1d32139eab07a6d21fb2e313bd708b06f82a70e51acf52880f5143	Numizmatika sözünə ilk dəfə qədim Romanın yazılı mənbələrində rast gəlinir.		0	0					az	
79759f8ed0e00b48cec14c44fd170ca2a0d2030b57f884b443b5227867b42bc7ebb62597e2655f407ffa0dae97583a359e4211067c3c7c0dd816d416602c6b87	common_voice_az_42970492.mp3	036a0f2f84dda9fcf72305bb01ed0010bf6b89ad92b2847c9ec3ce7692c340dd	Egey dənizindəki xırda adalar bölüşdürüldü.		1	0					az	
79759f8ed0e00b48cec14c44fd170ca2a0d2030b57f884b443b5227867b42bc7ebb62597e2655f407ffa0dae97583a359e4211067c3c7c0dd816d416602c6b87	common_voice_az_42970493.mp3	01c4d9085e9c6a9c741c5f07c03dc37ee8447299ae8258ba5c3784db296124f1	Böyük Birlik Partiyasının yaradıcısı.		0	0					az	
79759f8ed0e00b48cec14c44fd170ca2a0d2030b57f884b443b5227867b42bc7ebb62597e2655f407ffa0dae97583a359e4211067c3c7c0dd816d416602c6b87	common_voice_az_42970494.mp3	039d460b700f7f82556c05c264aa85dfef7036c6c9655b686b0be4d5dc9c8cdd	Azərbaycan Respublikası Prezidenti yanında Ali Attestasiya Komissiyasının İqtisadiyyat bölməsinin Ekspert Şurasının üzvüdür.		0	0					az	
c97316f2870b649ca853e4cff402670819688635dc1b278ebf8c70105e1b46b567149ca4d9d46cc64452f77783e00c41e8e6f4694663104ee4974cab7ece5f59	common_voice_az_43107779.mp3	015fda7c2e378a7708912fc655dee4b22834e45b3d33f900ed36ef2af404e88c	Yeniçəri ağası olaraq Yavuz Sultan Səlimin səfərlərində iştirak etmişdir.		0	1					az	
c97316f2870b649ca853e4cff402670819688635dc1b278ebf8c70105e1b46b567149ca4d9d46cc64452f77783e00c41e8e6f4694663104ee4974cab7ece5f59	common_voice_az_43107781.mp3	028fec1e5876c40a250f01071ce8d40bc1cddff07524129b9b80161f028c6288	Hər hansı bir ərazi milli park statusu alması üçün vacib şərtlərə cavab verməlidir.		1	0					az	
c97316f2870b649ca853e4cff402670819688635dc1b278ebf8c70105e1b46b567149ca4d9d46cc64452f77783e00c41e8e6f4694663104ee4974cab7ece5f59	common_voice_az_43107782.mp3	032e3229ea9adfd89351d9dd7af3f1abad72512fae1ad690ca8cd054ab1aa011	Əsər Verdinin ən gözəl operası olaraq qəbul edilir.		0	0					az	
b38883ce12ea2e1c80e1eb6c11097463f9aee68ec60c7a633ae0f38717137eb8d9eca7026ec96aa6ed6a6ce8e36edaec767ffb31b94a5752a2f8dfdd29c3879f	common_voice_az_43264085.mp3	01525bc1c9c47d1d9d1997280cc1bf8cc6c2fb1095727bef770c4486ef4a75ac	Adını ata babası Bayram kişinin istəyi ilə Qismət qoydular.		0	0	twenties		çox axıcı səlis danışıq		az	
b38883ce12ea2e1c80e1eb6c11097463f9aee68ec60c7a633ae0f38717137eb8d9eca7026ec96aa6ed6a6ce8e36edaec767ffb31b94a5752a2f8dfdd29c3879f	common_voice_az_43264087.mp3	0195f156dd3c8cba20e35c9c453004c8a1e2f9b37bbe6dc1ba5f20b57f1734e9	Çiçəkləri gövdənin uc hissəsində çətir çiçək qrupuna yığılmışdır.		0	0	twenties		çox axıcı səlis danışıq		az	
b38883ce12ea2e1c80e1eb6c11097463f9aee68ec60c7a633ae0f38717137eb8d9eca7026ec96aa6ed6a6ce8e36edaec767ffb31b94a5752a2f8dfdd29c3879f	common_voice_az_43284795.mp3	033a58775c2cd9ad091f0628f1d156dc002ca62af12f51ff9fe2427f1a59ce98	Bu dövlət onun ölümünün ardından müxtəlif hissələrə parçalanmışdır.		0	0	twenties		çox axıcı səlis danışıq		az	
b38883ce12ea2e1c80e1eb6c11097463f9aee68ec60c7a633ae0f38717137eb8d9eca7026ec96aa6ed6a6ce8e36edaec767ffb31b94a5752a2f8dfdd29c3879f	common_voice_az_43284796.mp3	0131689b2d5517c2df64a98f24b134cabe5133bfa7e0b75888d84c3e75e6550b	Ərazisində bir necə kiçik çay vardır.		0	0	twenties		çox axıcı səlis danışıq		az	
b38883ce12ea2e1c80e1eb6c11097463f9aee68ec60c7a633ae0f38717137eb8d9eca7026ec96aa6ed6a6ce8e36edaec767ffb31b94a5752a2f8dfdd29c3879f	common_voice_az_43284797.mp3	03391419c78e7dcb33d465066ff1accd53a3efe2238dd5b705673ea12a04bf64	Elmi və bədii tərcümələri var.		0	0	twenties		çox axıcı səlis danışıq		az	
b38883ce12ea2e1c80e1eb6c11097463f9aee68ec60c7a633ae0f38717137eb8d9eca7026ec96aa6ed6a6ce8e36edaec767ffb31b94a5752a2f8dfdd29c3879f	common_voice_az_43284807.mp3	03368736d12e816f4774a2bf993b82522f4f790b1ca0a28ce399fdad9350ac88	Ancaq bu layihə icra olunmamış olaraq qalır.		0	0	twenties		çox axıcı səlis danışıq		az	
b38883ce12ea2e1c80e1eb6c11097463f9aee68ec60c7a633ae0f38717137eb8d9eca7026ec96aa6ed6a6ce8e36edaec767ffb31b94a5752a2f8dfdd29c3879f	common_voice_az_43284815.mp3	01a649547d4a6a8b76b8d6fd28dd901e985c840347bf696e4d64c248524802db	Törəmələri Aşqabadda yaşayırlar.		0	0	twenties		çox axıcı səlis danışıq		az	
b38883ce12ea2e1c80e1eb6c11097463f9aee68ec60c7a633ae0f38717137eb8d9eca7026ec96aa6ed6a6ce8e36edaec767ffb31b94a5752a2f8dfdd29c3879f	common_voice_az_43284817.mp3	0386e1337a91bae6cb29ff2030191a53bc5597c38232fe97efc657515c8973cc	İttifaq tərəfindən Milli Kino Mükafatı təsis olunub.		0	0	twenties		çox axıcı səlis danışıq		az	
b38883ce12ea2e1c80e1eb6c11097463f9aee68ec60c7a633ae0f38717137eb8d9eca7026ec96aa6ed6a6ce8e36edaec767ffb31b94a5752a2f8dfdd29c3879f	common_voice_az_43284834.mp3	0350bce95ff417f368a9395e5feadd02ac85d6866301711875e0574099f0ab05	Həmin səhnədə sadəcə iki qadın var.		0	0	twenties		çox axıcı səlis danışıq		az	
b38883ce12ea2e1c80e1eb6c11097463f9aee68ec60c7a633ae0f38717137eb8d9eca7026ec96aa6ed6a6ce8e36edaec767ffb31b94a5752a2f8dfdd29c3879f	common_voice_az_43284837.mp3	0300db213568c3034187339720c4cd730de36038263f49f370c17025e329bd99	Əsas komandadan savayı Ramil klubun ikinci komandasının heyətində də çıxış edib.		0	0	twenties		çox axıcı səlis danışıq		az	
4330a3785df536c848d80fb034d51d7e18c29edca132b2bc22fd9c96304bf06935f978f0c05c7fce26a8d4568f30cb95108fc78ebbe47e577d6968478c22ad54	common_voice_az_43457559.mp3	033e4f75d95aeb43290845ce1a8408a84b1ad368af33a7918532089e009d668a	Müdafiə Nazirliyinin nəzdində Hərbi Polis İdarəsində çalışırdı.		0	0	thirties				az	
4330a3785df536c848d80fb034d51d7e18c29edca132b2bc22fd9c96304bf06935f978f0c05c7fce26a8d4568f30cb95108fc78ebbe47e577d6968478c22ad54	common_voice_az_43457560.mp3	0269466c04f8e2eabe8c417b708ea60116174cb1300f17ee3ab8551cb4104a0e	Dövlət şurasının üzvü.		0	0	thirties				az	
4330a3785df536c848d80fb034d51d7e18c29edca132b2bc22fd9c96304bf06935f978f0c05c7fce26a8d4568f30cb95108fc78ebbe47e577d6968478c22ad54	common_voice_az_43457561.mp3	00fa57d83b8ba3349f79ba314cd2495d3b5ca47404a8be192c1803dc58b62bf5	Kənd sakinlərinin də yarısı artıq evlərinə qayıdıb.		0	0	thirties				az	
4330a3785df536c848d80fb034d51d7e18c29edca132b2bc22fd9c96304bf06935f978f0c05c7fce26a8d4568f30cb95108fc78ebbe47e577d6968478c22ad54	common_voice_az_43457562.mp3	02bc94e44f5920b5df966c6c2c2d6ed8b04389021aa7c9e4493495a00316ba5b	Onun fəaliyyətinin yüksək qiymətləndirir.		0	0	thirties				az	
4330a3785df536c848d80fb034d51d7e18c29edca132b2bc22fd9c96304bf06935f978f0c05c7fce26a8d4568f30cb95108fc78ebbe47e577d6968478c22ad54	common_voice_az_43457563.mp3	01025e463c130dd45d296b91399e09f9d31599ea551bf47e76b8b66cb3024d2c	Bu baxımdan o illərdə yaranmış ədəbiyyat və mətbuat əvəzsiz rol oynamışdır.		0	0	thirties				az	
4330a3785df536c848d80fb034d51d7e18c29edca132b2bc22fd9c96304bf06935f978f0c05c7fce26a8d4568f30cb95108fc78ebbe47e577d6968478c22ad54	common_voice_az_43457570.mp3	03d4eaa5fec99eac02e4a7964e4d80fffe29b887d3143e1ef2eb59578499e18e	Cənub hissədə tropik meşələr yerləşir.		0	0	thirties				az	
4330a3785df536c848d80fb034d51d7e18c29edca132b2bc22fd9c96304bf06935f978f0c05c7fce26a8d4568f30cb95108fc78ebbe47e577d6968478c22ad54	common_voice_az_43457572.mp3	03531879ae6fd0dab491ae2d0f43b728965ee341c75cc90f46ad5951eede4749	Farer dili Avropada yox olma təhlükəsi olmayan ən azsaylı dildir.		0	0	thirties				az	
4330a3785df536c848d80fb034d51d7e18c29edca132b2bc22fd9c96304bf06935f978f0c05c7fce26a8d4568f30cb95108fc78ebbe47e577d6968478c22ad54	common_voice_az_43457573.mp3	01b0d94a2824e700cea580623e66df64de28bc1d277cb7cafd997605e4efb822	Bu sənəddə onun təqaüd alması qeyd edilib.		0	0	thirties				az	
4330a3785df536c848d80fb034d51d7e18c29edca132b2bc22fd9c96304bf06935f978f0c05c7fce26a8d4568f30cb95108fc78ebbe47e577d6968478c22ad54	common_voice_az_43457575.mp3	03483e5a9c49737e20535121ce05b9c71ec9ea77339891d43516f0fa68a6add0	Yaşayış mühitinin keyfiyyətinin davam edən pisləşməsi populyasiyanın gələcəkdə azalma təhlükəsini ehtimal etməyə əsas verir.		0	0	thirties				az	
4330a3785df536c848d80fb034d51d7e18c29edca132b2bc22fd9c96304bf06935f978f0c05c7fce26a8d4568f30cb95108fc78ebbe47e577d6968478c22ad54	common_voice_az_43457576.mp3	0394f0026189271fac9894b5b78850b4bcde73e8be4ed3818e193ad840a50246	Mübarizədə dəniz gücünün üstünlüyü ciddi rol oynamışdı.		1	0	thirties				az	
5b64658a939575c17925eada88fe9af2b1b94eee77d89ee0d1881635e5d28a67629a43f1dc1a024e9d6f71de04d96c4a8d25b319335a21148e4de0f7e5605efe	common_voice_az_43516599.mp3	0344bf2d34be2df20a5667d069b9a386d173084d8fa41382b85c42eac30032c2	Azərbaycanda ilk dəfə Azərbaycan Televiziyası kanalında göstərilmişdir.		0	0					az	
5b64658a939575c17925eada88fe9af2b1b94eee77d89ee0d1881635e5d28a67629a43f1dc1a024e9d6f71de04d96c4a8d25b319335a21148e4de0f7e5605efe	common_voice_az_43516600.mp3	0128106df38b5814d14ff2cf7ad39f41f07fbd523b1af35beee8db3ff3256913	Onun vəfatından sonra burada onun məqbərəsi inşa edildi.		1	0					az	
5b64658a939575c17925eada88fe9af2b1b94eee77d89ee0d1881635e5d28a67629a43f1dc1a024e9d6f71de04d96c4a8d25b319335a21148e4de0f7e5605efe	common_voice_az_43516601.mp3	01d68ac079d0798065b73b7a564459e4664468a23b9a22e8f4a189cb5fd65f0f	Məna olaraq yaxşı və ya şirin suya əvəz olur.		0	0					az	
5b64658a939575c17925eada88fe9af2b1b94eee77d89ee0d1881635e5d28a67629a43f1dc1a024e9d6f71de04d96c4a8d25b319335a21148e4de0f7e5605efe	common_voice_az_43516602.mp3	02724cdce37e740a44a05aa6d70881bda82f32ac15093efba063e66c6a166bf9	Milli parkın iqlimi dəyişkəndir.		0	0					az	
8c9cbf533a4c516618da4184fae4ebf14a2a59108c219459e7a6d8517a7cb3bbb35260b1108fc3fe7da360c22d3b0ebe0ef59bd1cf3650aeb1f266db8db2653a	common_voice_az_43516604.mp3	0348d3cf3dc55772ad1ede1e315285eab8f2733d905ebd3bd9e34259214eebd5	Latın hərfi ilə yeni Türk hərfinin yaradılması istiqamətində işlərə qatıldı.		0	0			Baki, Rus Sektoru		az	
8c9cbf533a4c516618da4184fae4ebf14a2a59108c219459e7a6d8517a7cb3bbb35260b1108fc3fe7da360c22d3b0ebe0ef59bd1cf3650aeb1f266db8db2653a	common_voice_az_43516607.mp3	0020212106bd35a3b33c896483b712aee7c48be0096b2d26a9ee12cf0ec439e9	Qatlar aşağıdan yuxarıya doğru artır.		0	0			Baki, Rus Sektoru		az	
8c9cbf533a4c516618da4184fae4ebf14a2a59108c219459e7a6d8517a7cb3bbb35260b1108fc3fe7da360c22d3b0ebe0ef59bd1cf3650aeb1f266db8db2653a	common_voice_az_43516609.mp3	03b5f016cffbc9325710190ea792dd9b1ec2a53c0bce857bfc035e4ddcfe4e06	Ərazi Şimali Avropada ən qədim yaşayış məskənləri məhz burada yerləşir.		0	0			Baki, Rus Sektoru		az	
8c9cbf533a4c516618da4184fae4ebf14a2a59108c219459e7a6d8517a7cb3bbb35260b1108fc3fe7da360c22d3b0ebe0ef59bd1cf3650aeb1f266db8db2653a	common_voice_az_43516615.mp3	025d1cf142b043a8ff1fdc177acc78aafe10cad402efa6e8d95b885d47aa2ea6	Sonra başqa bir məktəbə keçir.		0	0	thirties		Baki, Rus Sektoru		az	
8c9cbf533a4c516618da4184fae4ebf14a2a59108c219459e7a6d8517a7cb3bbb35260b1108fc3fe7da360c22d3b0ebe0ef59bd1cf3650aeb1f266db8db2653a	common_voice_az_43516616.mp3	0295a69afc3e31f85b4a0496c1e9d65c2918fd3afd641ef10f7e0179ef195d09	Turan adına Avesta və Firdovsinin "Şahnamə" əsərində rast gəlmək olur.		0	0	thirties		Baki, Rus Sektoru		az	
8c9cbf533a4c516618da4184fae4ebf14a2a59108c219459e7a6d8517a7cb3bbb35260b1108fc3fe7da360c22d3b0ebe0ef59bd1cf3650aeb1f266db8db2653a	common_voice_az_43516618.mp3	03c4547b3778a3470216a700d67cc4546f47d1525d2ad54e82a2743c7bca0472	Hər iki bitki örtüyü quşların əlverişli yem və sığınacaq sahəsidir.		0	0	thirties		Baki, Rus Sektoru		az	
8c9cbf533a4c516618da4184fae4ebf14a2a59108c219459e7a6d8517a7cb3bbb35260b1108fc3fe7da360c22d3b0ebe0ef59bd1cf3650aeb1f266db8db2653a	common_voice_az_43516619.mp3	03a565711c6d9032d7942152556e98e2052aa3380a97bda8809f2e4c983ba4d1	Digər ehtimala görə krater karst prosesi nəticəsində formalaşmışdır.		0	0	thirties		Baki, Rus Sektoru		az	
8c9cbf533a4c516618da4184fae4ebf14a2a59108c219459e7a6d8517a7cb3bbb35260b1108fc3fe7da360c22d3b0ebe0ef59bd1cf3650aeb1f266db8db2653a	common_voice_az_43516620.mp3	03767fb55e8b094bc80ee2cd790bd9b9c56d8dabe087bc5748fa144fc2994f81	İkinci Dünya Müharibəsi zamanı ada yapon ordusu tərəfindən zəbt edilmişdi.		0	0	thirties		Baki, Rus Sektoru		az	
8c9cbf533a4c516618da4184fae4ebf14a2a59108c219459e7a6d8517a7cb3bbb35260b1108fc3fe7da360c22d3b0ebe0ef59bd1cf3650aeb1f266db8db2653a	common_voice_az_43516621.mp3	039b7520f91e436f7416fb39c8eccb8b769fde3ee2b8ef8b9ede556f5aed1544	Xeyriyyəçilik işlərinin təşkilində fəal iştirak edir.		0	0	thirties		Baki, Rus Sektoru		az	
8c9cbf533a4c516618da4184fae4ebf14a2a59108c219459e7a6d8517a7cb3bbb35260b1108fc3fe7da360c22d3b0ebe0ef59bd1cf3650aeb1f266db8db2653a	common_voice_az_43516625.mp3	03b6e569b09840ba062dbc6f381fb440465435ea5bb5d062f46e2ef3cca7d86e	Adanın ərazisinin bir hissəsini dağlar tutur.		0	0	thirties		Baki, Rus Sektoru		az	
8c9cbf533a4c516618da4184fae4ebf14a2a59108c219459e7a6d8517a7cb3bbb35260b1108fc3fe7da360c22d3b0ebe0ef59bd1cf3650aeb1f266db8db2653a	common_voice_az_43516626.mp3	03c502e1866f1e3f13eab94a6df152d4dc0029e041fb6be3d2b0c5f9a5bd3d64	Rayan Dünyanı dəyişdirmək üçün təşkil olunan Disneyin Dostlarına cəlb edilir.		0	0	thirties		Baki, Rus Sektoru		az	
8c9cbf533a4c516618da4184fae4ebf14a2a59108c219459e7a6d8517a7cb3bbb35260b1108fc3fe7da360c22d3b0ebe0ef59bd1cf3650aeb1f266db8db2653a	common_voice_az_43516627.mp3	006795d3f9d5a00f211dc10f1dd5d68efa0427edc0606ab966cd9c4f3440a525	Xüsusi ilə iynəyarpaqlı bitkilər həmişəyaşıl olduqları üçün daha çox mənfi təsirə məruz qalır.		0	0	thirties		Baki, Rus Sektoru		az	
8c9cbf533a4c516618da4184fae4ebf14a2a59108c219459e7a6d8517a7cb3bbb35260b1108fc3fe7da360c22d3b0ebe0ef59bd1cf3650aeb1f266db8db2653a	common_voice_az_43516628.mp3	035c126c251ac867792f7389e03b67a4b23691e789d6ae23a21d0eb4ecf5b2d8	Qalanları uzun xətlər nəzəriyyəsində nəzərdən keçirilir.		0	0	thirties		Baki, Rus Sektoru		az	
64e15079e8f3ec7a17f9d45dfa308e5882ca454a43477907eacf4a55245f8b319260bcacd8c050687aba1552347230a14acfc3494db2ddcbe6d896b36cc35fce	common_voice_az_43541894.mp3	039fed0e0123660e550b6e64fcb4bc4ec52371693712ebec1c5d52ad85f4461c	Koreyada məbəddə qalmaq insana sabitlik və sülh hissi verir.		0	0					az	
64e15079e8f3ec7a17f9d45dfa308e5882ca454a43477907eacf4a55245f8b319260bcacd8c050687aba1552347230a14acfc3494db2ddcbe6d896b36cc35fce	common_voice_az_43541895.mp3	02da8025ace62dd9284a2c90a886c2f4d6d90ac51c03be4b057f02a09e01f0c6	Abidə Şəmkir rayonunun Keçili kəndindən şimalda yerləşir.		0	0					az	
64e15079e8f3ec7a17f9d45dfa308e5882ca454a43477907eacf4a55245f8b319260bcacd8c050687aba1552347230a14acfc3494db2ddcbe6d896b36cc35fce	common_voice_az_43541896.mp3	02ac343f59a26d177dee2b7afa8f628088a4f6b23611a44082f05562804b4131	Ancaq əhəmiyyətli Məmlük əmirləri və sarayında ad verməyə başladı.		0	0					az	
64e15079e8f3ec7a17f9d45dfa308e5882ca454a43477907eacf4a55245f8b319260bcacd8c050687aba1552347230a14acfc3494db2ddcbe6d896b36cc35fce	common_voice_az_43541897.mp3	029cde7bfc63147609fcc2b748e729fa8120c2bcdf9bfe33e573dad338b96bc3	B sonralar tədricən bütün Belarus ərazisi üçün şamil edildi.		0	0					az	
64e15079e8f3ec7a17f9d45dfa308e5882ca454a43477907eacf4a55245f8b319260bcacd8c050687aba1552347230a14acfc3494db2ddcbe6d896b36cc35fce	common_voice_az_43541898.mp3	03a29ca5498d19c83ebef92ec7856fe481c433996c5634c49ab11af12b10a38a	Torpağın fiziki udma qabiliyyəti torpağın çox xırda hissəciklərinin maddələri özünə cəlb etməsidir.		0	0					az	
fac8ac67044c3b7588fce06cdf4e383171d864b682b9f62e8ce3c95ba758c1068d0867c7305c2f9bd85a1cc9701edf3ddf3ee5e6dab76dab9fe1fe3e71a51681	common_voice_az_43543030.mp3	03dbacfaca3f6f51a5bca2540f97a2401e25d43b36c645096d5014a93659211d	Nik həmçinin avstraliyalı model hesab olunur.		0	1	teens	female_feminine			az	
fac8ac67044c3b7588fce06cdf4e383171d864b682b9f62e8ce3c95ba758c1068d0867c7305c2f9bd85a1cc9701edf3ddf3ee5e6dab76dab9fe1fe3e71a51681	common_voice_az_43543031.mp3	036b845a20cb902680fd08fee654becf382bf7f2181607da1e4803df83d09ea0	Bu prinsiplər redaksiya siyasətinin əsasında durur.		1	0	teens	female_feminine			az	
fac8ac67044c3b7588fce06cdf4e383171d864b682b9f62e8ce3c95ba758c1068d0867c7305c2f9bd85a1cc9701edf3ddf3ee5e6dab76dab9fe1fe3e71a51681	common_voice_az_43543032.mp3	032987f9435ac95b34c1d3ffa878a2a8a9fadc6327d09d487aa8f2ff5d80252e	Türk və slavyan xalqları arasında yaranmış əlaqələrin əsas səbəbi kimi tarixi şəraiti göstərmək olar.		1	0	teens	female_feminine			az	
fac8ac67044c3b7588fce06cdf4e383171d864b682b9f62e8ce3c95ba758c1068d0867c7305c2f9bd85a1cc9701edf3ddf3ee5e6dab76dab9fe1fe3e71a51681	common_voice_az_43543033.mp3	02891daf935581d49664f71ec2c1b170d32c70e7786da8fd3aea24414c2bdad4	Erozion və yamacların delüvial yuyulma proseslərinin birgə fəaliyyəti nəticəsində toplanan çöküntülər.		0	0	teens	female_feminine			az	
fac8ac67044c3b7588fce06cdf4e383171d864b682b9f62e8ce3c95ba758c1068d0867c7305c2f9bd85a1cc9701edf3ddf3ee5e6dab76dab9fe1fe3e71a51681	common_voice_az_43543034.mp3	023365974184c8d099e9b58d566e06cadcb8024bb0235d73b6ce914d21ac6266	Alimlər uzun müddət araşdırma aparır və kitabın yazılması ilə məşğul olurlar.		1	0	teens	female_feminine			az	
fac8ac67044c3b7588fce06cdf4e383171d864b682b9f62e8ce3c95ba758c1068d0867c7305c2f9bd85a1cc9701edf3ddf3ee5e6dab76dab9fe1fe3e71a51681	common_voice_az_43543035.mp3	0365a5c8433176288b5b8711358303e749fd79791c9d08d8ee171d60bc57e3d3	Tovuz rayonunun Yanıqlı kəndində dəfn olunub.		0	0	teens	female_feminine			az	
fac8ac67044c3b7588fce06cdf4e383171d864b682b9f62e8ce3c95ba758c1068d0867c7305c2f9bd85a1cc9701edf3ddf3ee5e6dab76dab9fe1fe3e71a51681	common_voice_az_43543036.mp3	0175a299a45496a6ccf599b905a6c29f8f8e942a96f2815958b98f93c0d83145	Uğur İlhan filmdə həm də əsas rollardan birinin ifaçısıdır.		0	0	teens	female_feminine			az	
fac8ac67044c3b7588fce06cdf4e383171d864b682b9f62e8ce3c95ba758c1068d0867c7305c2f9bd85a1cc9701edf3ddf3ee5e6dab76dab9fe1fe3e71a51681	common_voice_az_43543037.mp3	038c66eb072223779af67e798da1a7ccf8b02a7675f5f596c65cf7b5e646cf26	Yayda belə şaxtalar müşahidə edilir.		0	0	teens	female_feminine			az	
fac8ac67044c3b7588fce06cdf4e383171d864b682b9f62e8ce3c95ba758c1068d0867c7305c2f9bd85a1cc9701edf3ddf3ee5e6dab76dab9fe1fe3e71a51681	common_voice_az_43543038.mp3	00f0bd84c775528d470e0d4d78c7825de5009167220b657cb7885f2126ae207a	Bu dünyada şir də yalqız qalmasın,Qardaş gərək qoşa dursun dal-dala.		1	0	teens	female_feminine			az	
fac8ac67044c3b7588fce06cdf4e383171d864b682b9f62e8ce3c95ba758c1068d0867c7305c2f9bd85a1cc9701edf3ddf3ee5e6dab76dab9fe1fe3e71a51681	common_voice_az_43543039.mp3	02eb1d3cd2814e5ef609a46d64c4841c47d3fd8b2fb91400a078c35fb258b88b	Niderlandı müsabiqədə iki müğənni təmsil etmişdir.		0	0	teens	female_feminine			az	
8b48d09be61439fdb304072f610b765d6e2c88c361cd87596483e223c4eadeff5bd52f9501cee07d9bb2283f32f7401e5dbd580d7b17824c1ea56681a4dfba0b	common_voice_az_45066444.mp3	029d8c121082b7428018f19062fe2a98bef36ae2334fe03faf08bbec829ad1cc	Silsilə Şimal Buzlu okean daxilində yerləşir.		0	0	twenties				az	
8b48d09be61439fdb304072f610b765d6e2c88c361cd87596483e223c4eadeff5bd52f9501cee07d9bb2283f32f7401e5dbd580d7b17824c1ea56681a4dfba0b	common_voice_az_45066445.mp3	006722ed6713d5447084d3039acb9b59f2dc3649647ef2f42dbb3f22b711345a	Volqanın sol qolu.		0	1	twenties				az	
8b48d09be61439fdb304072f610b765d6e2c88c361cd87596483e223c4eadeff5bd52f9501cee07d9bb2283f32f7401e5dbd580d7b17824c1ea56681a4dfba0b	common_voice_az_45066447.mp3	034869b750fa2012f58d64d5d001b8ef9d9163fbe6b92837ef3986078a514421	Erkəklər dişilərdən kiçikdir.		0	0	twenties				az	
8b48d09be61439fdb304072f610b765d6e2c88c361cd87596483e223c4eadeff5bd52f9501cee07d9bb2283f32f7401e5dbd580d7b17824c1ea56681a4dfba0b	common_voice_az_45066448.mp3	03f830e32d934455a6de14fff16aff945e02d05ecbfe877154b0f3f351fdaec6	Dağ Kəsəmən kəndinin qarşılığı kimi nəzərdə tutulmuşdur.		0	1	twenties				az	
8b48d09be61439fdb304072f610b765d6e2c88c361cd87596483e223c4eadeff5bd52f9501cee07d9bb2283f32f7401e5dbd580d7b17824c1ea56681a4dfba0b	common_voice_az_45066449.mp3	006376cad23a90e3f74f4a355148bc9a556bd4892f3a6efd55643a4c58a16b8e	Əməliyyat baş tutmadı.		0	0	twenties				az	
ac04729e96e3486240cea105dd3a8c1f1321b13a11d636487d868a37c0130343770c02ca8898d582a55d6e37e7e3b32b089b76a439f6f3b3ba0ca496145446ff	common_voice_az_45215047.mp3	03d217a4626e86c026dc1eb4ac3d8d42145f39533655bb2897bcc0365d576f91	Kitablardan biri "Məmmədəli Sidqi və "Şeypur" jurnalı" adlanır.		0	0	twenties				az	
ac04729e96e3486240cea105dd3a8c1f1321b13a11d636487d868a37c0130343770c02ca8898d582a55d6e37e7e3b32b089b76a439f6f3b3ba0ca496145446ff	common_voice_az_45215048.mp3	00282599ed714da07611185a743a39748d8d79aafdaefb0b509ccd337826bee3	Qaramanoğulları Anadoluda ən güclü ailə və soy qəbul edilirdi.		0	0	twenties				az	
ac04729e96e3486240cea105dd3a8c1f1321b13a11d636487d868a37c0130343770c02ca8898d582a55d6e37e7e3b32b089b76a439f6f3b3ba0ca496145446ff	common_voice_az_45215049.mp3	02716cf84937b792ef0561c241600c6c9036d41ebb64f8876778820c72b6811c	Hərbi xidməti başa vurduqdan sonra Rusiyaya üz tutub və o zamandan Moskvada yaşayır.		0	0	twenties				az	
ac04729e96e3486240cea105dd3a8c1f1321b13a11d636487d868a37c0130343770c02ca8898d582a55d6e37e7e3b32b089b76a439f6f3b3ba0ca496145446ff	common_voice_az_45215050.mp3	002189e6a265c991b97df6680dd3d639dc6b8f2eb3f48412e130663085a6e23f	Bu məqsədlə aşağıdakı mətin komissiyanın ikinci iclasında qəbul edildi.		0	0	twenties				az	
ac04729e96e3486240cea105dd3a8c1f1321b13a11d636487d868a37c0130343770c02ca8898d582a55d6e37e7e3b32b089b76a439f6f3b3ba0ca496145446ff	common_voice_az_45215051.mp3	02968757ed29e206c66da9d0dc3d1d9ddbbc8445411d02c3cd115ca115642030	Mixoelsin ölümünə bir neçə şeir də həsr edilmişdir.		0	0	twenties				az	
ac04729e96e3486240cea105dd3a8c1f1321b13a11d636487d868a37c0130343770c02ca8898d582a55d6e37e7e3b32b089b76a439f6f3b3ba0ca496145446ff	common_voice_az_45233609.mp3	02087a4dd98b7a126ccb155f1a02784d53e09272381fe9508db01d6df8ec147e	Xalqların və cəmiyyətlərin əvvəlki nəsillərin mədəniyyətinə irsən malik olmaları da qəbul edilib.		0	0	twenties				az	
ac04729e96e3486240cea105dd3a8c1f1321b13a11d636487d868a37c0130343770c02ca8898d582a55d6e37e7e3b32b089b76a439f6f3b3ba0ca496145446ff	common_voice_az_45233610.mp3	029674828895ed7f06c10c3b0bcf90ecce668f8a39304e274f5e25b64ea86234	Çünki bəzi xəstəliklər üçün əks göstərişlər vardır.		0	0	twenties				az	
ac04729e96e3486240cea105dd3a8c1f1321b13a11d636487d868a37c0130343770c02ca8898d582a55d6e37e7e3b32b089b76a439f6f3b3ba0ca496145446ff	common_voice_az_45233611.mp3	0083746e6e7870cb46846a2e98a9f4a9536453829733528953234787c05b0830	Rəsm əsərlərindən başqa muzeydə Avropa keramika və Çin saxsı qabları nümunələri nümayiş olunur.		0	0	twenties				az	
ac04729e96e3486240cea105dd3a8c1f1321b13a11d636487d868a37c0130343770c02ca8898d582a55d6e37e7e3b32b089b76a439f6f3b3ba0ca496145446ff	common_voice_az_45233612.mp3	036759f5065c738aea99c064f235f319d776d40a1df9dd67823b473fad059ebc	Fərdlərin sayının növlərin sayına nisbəti.		0	0	twenties				az	
ac04729e96e3486240cea105dd3a8c1f1321b13a11d636487d868a37c0130343770c02ca8898d582a55d6e37e7e3b32b089b76a439f6f3b3ba0ca496145446ff	common_voice_az_45233613.mp3	035a96a9a66d8de3066fe3fef4a15aeef7aca9a33f1312ec274e0a1e372ffb7e	Şərq xalçasının əllə toxunmuş naxışları heç vaxt təsadüfi olmur.		0	0	twenties				az	
ac04729e96e3486240cea105dd3a8c1f1321b13a11d636487d868a37c0130343770c02ca8898d582a55d6e37e7e3b32b089b76a439f6f3b3ba0ca496145446ff	common_voice_az_45233614.mp3	0400f400c0da07e04afd5e940aa407d977c57ba3a8e8a1f35b0ddfc9d7193952	Muzey Azərbaycan memarı Mikayıl Hüseynovun adını daşıyır.		0	0	twenties				az	
ac04729e96e3486240cea105dd3a8c1f1321b13a11d636487d868a37c0130343770c02ca8898d582a55d6e37e7e3b32b089b76a439f6f3b3ba0ca496145446ff	common_voice_az_45233615.mp3	014223d0a627c718b27e0a75c49ea00fba0f55f072b227a654b7698d19ba7b80	Bu döyüş təyyarələri müharibə ərzində əsasən İraq Hərbi Hava Qüvvələri tərəfindən istifadə olunurdu.		0	0	twenties				az	
ac04729e96e3486240cea105dd3a8c1f1321b13a11d636487d868a37c0130343770c02ca8898d582a55d6e37e7e3b32b089b76a439f6f3b3ba0ca496145446ff	common_voice_az_45233616.mp3	008c1f3e5e0e2fda36b85e955e504ea00b35b6cfe206c116f43f5d397c6c1e36	Orta təhsilini isə İstanbul Vəfa liseyində sonradan isə Kastamonu Liseyində davam etdirib.		0	0	twenties				az	
ac04729e96e3486240cea105dd3a8c1f1321b13a11d636487d868a37c0130343770c02ca8898d582a55d6e37e7e3b32b089b76a439f6f3b3ba0ca496145446ff	common_voice_az_45233617.mp3	0259343522daddfb816d00f2dea3af6f57cac75cd2a7a6ea17e15f3535394d32	Saleh Qafarov hərbi təhsil alıb.		0	0	twenties				az	
ac04729e96e3486240cea105dd3a8c1f1321b13a11d636487d868a37c0130343770c02ca8898d582a55d6e37e7e3b32b089b76a439f6f3b3ba0ca496145446ff	common_voice_az_45233618.mp3	0213c4ed3d69a06ea7dc8add571a88213dcafde394264d1f62b7c30853ea0c21	Dekorativ əhəmiyyətlidir.		1	0	twenties				az	
ac04729e96e3486240cea105dd3a8c1f1321b13a11d636487d868a37c0130343770c02ca8898d582a55d6e37e7e3b32b089b76a439f6f3b3ba0ca496145446ff	common_voice_az_45233620.mp3	03c44f3227c031def6c33a9a071c7693a9f1f2da0a17e1b7bda7356f4906ebd7	İlkin təlim prosesində və sonrakı inkişaf dövründə atların mövcud irsi xüsusiyyətləri nəzərə alınmalıdır.		0	0	twenties				az	
ac04729e96e3486240cea105dd3a8c1f1321b13a11d636487d868a37c0130343770c02ca8898d582a55d6e37e7e3b32b089b76a439f6f3b3ba0ca496145446ff	common_voice_az_45233621.mp3	013c9240d810d899e37cb0e2e5697283f5bf579df3cfa8607674b08519261a6b	Burada qədim islam mədəniyyətinə aid tikililər vardır.		0	0	twenties				az	
ac04729e96e3486240cea105dd3a8c1f1321b13a11d636487d868a37c0130343770c02ca8898d582a55d6e37e7e3b32b089b76a439f6f3b3ba0ca496145446ff	common_voice_az_45233623.mp3	03d49d36aaf472896fd86b5bb6763460ee4b5fa2e3325a3e67dd85241cedfe54	Azərbaycanı Avropa kuboklarında ilk dəfə "Turan" təmsil etmişdir.		0	0	twenties				az	
ac04729e96e3486240cea105dd3a8c1f1321b13a11d636487d868a37c0130343770c02ca8898d582a55d6e37e7e3b32b089b76a439f6f3b3ba0ca496145446ff	common_voice_az_45233624.mp3	0206a09246fff2a9f1942fea485fe7909f466a38c043714f74b96275e1ec5e0a	Bir müddət burada təhsil gördükdən sonra İstanbula gəldi.		0	0	twenties				az	
ac04729e96e3486240cea105dd3a8c1f1321b13a11d636487d868a37c0130343770c02ca8898d582a55d6e37e7e3b32b089b76a439f6f3b3ba0ca496145446ff	common_voice_az_45233626.mp3	02b1b20b71da33b3ab1324b96f554d301b286d98f8cc479bd3899787b9c3d686	Öz repertuarına bütün mövcud muğamları daxil etmişdir.		0	0	twenties				az	
ac04729e96e3486240cea105dd3a8c1f1321b13a11d636487d868a37c0130343770c02ca8898d582a55d6e37e7e3b32b089b76a439f6f3b3ba0ca496145446ff	common_voice_az_45233655.mp3	039935197e177f47768934d0ab96e180ff97314eb4d7f59ea8e6d13163251628	Suyun dibində az hərəkət edərək yaşayır.		0	0	twenties				az	
ac04729e96e3486240cea105dd3a8c1f1321b13a11d636487d868a37c0130343770c02ca8898d582a55d6e37e7e3b32b089b76a439f6f3b3ba0ca496145446ff	common_voice_az_45233656.mp3	00773e045407f28d7f33b4e38aa168abd457adb6af21e9141012c0216a5c9be3	Amma siçan personajı təklif olunan zaman Disney onu qəbul edir.		0	0	twenties				az	
ac04729e96e3486240cea105dd3a8c1f1321b13a11d636487d868a37c0130343770c02ca8898d582a55d6e37e7e3b32b089b76a439f6f3b3ba0ca496145446ff	common_voice_az_45233657.mp3	01375010d711a415af848edceb93e7ee43b7429e7e97c70c68d8d29fe6a5b4b6	Aza kənd bələdiyyəsinin tərkibindədir.		0	0	twenties				az	
ac04729e96e3486240cea105dd3a8c1f1321b13a11d636487d868a37c0130343770c02ca8898d582a55d6e37e7e3b32b089b76a439f6f3b3ba0ca496145446ff	common_voice_az_45233658.mp3	032bc0ebf48be7e978b335a2f656330dc73d491d231368dd9b3e333505ec213b	Sofya Hüseynova orta məktəbi Naxçıvanda bitirib.		0	0	twenties				az	
ac04729e96e3486240cea105dd3a8c1f1321b13a11d636487d868a37c0130343770c02ca8898d582a55d6e37e7e3b32b089b76a439f6f3b3ba0ca496145446ff	common_voice_az_45233659.mp3	035f8203b3a14c294438698610040817cda911f722071ac2865eee7b8d3a7b18	Daha sonra Bakıya qayıtmış və könüllü olaraq Milli Ordu sıralarına daxil olmuşdur.		0	0	twenties				az	
ac04729e96e3486240cea105dd3a8c1f1321b13a11d636487d868a37c0130343770c02ca8898d582a55d6e37e7e3b32b089b76a439f6f3b3ba0ca496145446ff	common_voice_az_45233775.mp3	03ed56e8ad2e1747c6288a679a2868d27afec864f485bc161020678446b0e6b8	Türkiyədən qayıdarkən Bakı Musiqi Akademiyasında dosent vəzifəsində işini davam etdirir.		0	0	twenties				az	
ac04729e96e3486240cea105dd3a8c1f1321b13a11d636487d868a37c0130343770c02ca8898d582a55d6e37e7e3b32b089b76a439f6f3b3ba0ca496145446ff	common_voice_az_45233776.mp3	03c18a7e898efdcc3fccd4c4cbff74ecaad5d994d856ac2ebe6ed2277f8e762b	Müxtəlif adlar.		0	0	twenties				az	
ac04729e96e3486240cea105dd3a8c1f1321b13a11d636487d868a37c0130343770c02ca8898d582a55d6e37e7e3b32b089b76a439f6f3b3ba0ca496145446ff	common_voice_az_45233777.mp3	035aabe6b5a1843cff4890861daf35015f21374ea0f5a96b3bbcb5551eecc0bf	Azərbaycan Dil Qurumu İctimai Birliyinin həmtəsisçisi və icraçı direktorudur.		0	0	twenties				az	
ac04729e96e3486240cea105dd3a8c1f1321b13a11d636487d868a37c0130343770c02ca8898d582a55d6e37e7e3b32b089b76a439f6f3b3ba0ca496145446ff	common_voice_az_45233778.mp3	024569f380760c5e07451c3ebbe706c09fce0aa674ccd7491b318cd45f84fcc8	Kəndin ərazisi Rustov kəndinin keçmiş məhəllələrindən biridir.		1	0	twenties				az	
ac04729e96e3486240cea105dd3a8c1f1321b13a11d636487d868a37c0130343770c02ca8898d582a55d6e37e7e3b32b089b76a439f6f3b3ba0ca496145446ff	common_voice_az_45233779.mp3	03176bc5f81a7e54713a8106b05e93950e1245c1bdbcd9a8543721d9cd962d08	Bakıxanov qəsəbəsində yerləşən Şəhidlər Xiyabanında torpağa tapşırılmışdır.		0	0	twenties				az	
ac04729e96e3486240cea105dd3a8c1f1321b13a11d636487d868a37c0130343770c02ca8898d582a55d6e37e7e3b32b089b76a439f6f3b3ba0ca496145446ff	common_voice_az_45233780.mp3	025c6f1696e0dd4b0619121b61a86df6b7a7da2773fa519181e366581f20d9d3	Nağı Nağıyev tərcüməçilik fəaliyyəti ilə də məşğul olmuşdur.		0	0	twenties				az	
ac04729e96e3486240cea105dd3a8c1f1321b13a11d636487d868a37c0130343770c02ca8898d582a55d6e37e7e3b32b089b76a439f6f3b3ba0ca496145446ff	common_voice_az_45233781.mp3	040a0a7e0d24827674744aebea4a0dcd4c062c2af16f4ae1c3b5e24354e0dc85	Onun sayəsində ailəsi kiçik bir elm və mədəniyyət ocağına çevrilmişdir.		0	0	twenties				az	
ac04729e96e3486240cea105dd3a8c1f1321b13a11d636487d868a37c0130343770c02ca8898d582a55d6e37e7e3b32b089b76a439f6f3b3ba0ca496145446ff	common_voice_az_45233782.mp3	03bd8795ec972d153682785fb486e1dbfd72b335a5a3cb85f8dbd123479525a0	Üçüncü mərhələ.		0	0	twenties				az	
ac04729e96e3486240cea105dd3a8c1f1321b13a11d636487d868a37c0130343770c02ca8898d582a55d6e37e7e3b32b089b76a439f6f3b3ba0ca496145446ff	common_voice_az_45233783.mp3	02c598ce3fddf2575018205838c39a285012de235d4f4d155b5488d881aebca6	Bu sülalənin ilk nümayəndəsi Hülakü xan olmuşdur.		0	0	twenties				az	
ac04729e96e3486240cea105dd3a8c1f1321b13a11d636487d868a37c0130343770c02ca8898d582a55d6e37e7e3b32b089b76a439f6f3b3ba0ca496145446ff	common_voice_az_45233784.mp3	0386c7b9911c569180775c69cd5740e0e6d0faa2d421756d73e48709e98bf169	Müsavat partiyasının üzvü idi.		0	0	twenties				az	
ac04729e96e3486240cea105dd3a8c1f1321b13a11d636487d868a37c0130343770c02ca8898d582a55d6e37e7e3b32b089b76a439f6f3b3ba0ca496145446ff	common_voice_az_45233789.mp3	021ed747e1894332f8c5a2ddf0ba68c88060f6f59717b40058877332bc931833	Hər ikisinin öz himayəçisi vardır.		0	0	twenties				az	
ac04729e96e3486240cea105dd3a8c1f1321b13a11d636487d868a37c0130343770c02ca8898d582a55d6e37e7e3b32b089b76a439f6f3b3ba0ca496145446ff	common_voice_az_45233790.mp3	03c8abe21f59cb86ebec68f8136c4ede714bf5ba00b79750a3fc90f6df06589d	Qırmızı orduya qalib gəlmək mümkün deyil.		0	0	twenties				az	
ac04729e96e3486240cea105dd3a8c1f1321b13a11d636487d868a37c0130343770c02ca8898d582a55d6e37e7e3b32b089b76a439f6f3b3ba0ca496145446ff	common_voice_az_45233791.mp3	01ad07f949d2a5ad4c26ec54de32ee6f957e5c68e4cc445f3bbf16ffb6a6d1eb	Sən yetiş dadıma, ya sirri-xuda,Sənsən ərşin-kürsün əzbər-əzbəri.		0	0	twenties				az	
ac04729e96e3486240cea105dd3a8c1f1321b13a11d636487d868a37c0130343770c02ca8898d582a55d6e37e7e3b32b089b76a439f6f3b3ba0ca496145446ff	common_voice_az_45233792.mp3	040b52678dd9cf3634866de7de70d27f8a8045554e7797dc45605fb19a862912	Videoda Bəhram Bağırzadə çəkilib.		0	0	twenties				az	
ac04729e96e3486240cea105dd3a8c1f1321b13a11d636487d868a37c0130343770c02ca8898d582a55d6e37e7e3b32b089b76a439f6f3b3ba0ca496145446ff	common_voice_az_45233793.mp3	03dfd3c197e05b462600dcdcf0cf6464a825e045527ba48bc0a9475e160d19cd	Hökumət üzvlərinin istefasını tələb edən mitinq iştirakçıları parlament binasına girməyə cəhd göstəriblər.		0	0	twenties				az	
ac04729e96e3486240cea105dd3a8c1f1321b13a11d636487d868a37c0130343770c02ca8898d582a55d6e37e7e3b32b089b76a439f6f3b3ba0ca496145446ff	common_voice_az_45233795.mp3	00248b1d4b423a5dcd9032cd75d24593eab16978beca954f0e574d318fcc3c0b	Qiyamçılar Herat şəhəri sakinlərinin əmlakını qarət etdilər.		0	0	twenties				az	
ac04729e96e3486240cea105dd3a8c1f1321b13a11d636487d868a37c0130343770c02ca8898d582a55d6e37e7e3b32b089b76a439f6f3b3ba0ca496145446ff	common_voice_az_45233796.mp3	01bb5be306a29e3d5d250bc5a96806ea79393c09f8b0af6af215fe90397aecb2	Nəticədə Roma–Sasani danışıqları başlayır.		0	0	twenties				az	
ac04729e96e3486240cea105dd3a8c1f1321b13a11d636487d868a37c0130343770c02ca8898d582a55d6e37e7e3b32b089b76a439f6f3b3ba0ca496145446ff	common_voice_az_45233797.mp3	01d00d073a5db273eb91caeb4dcf35ed0b76a718567dc49f6dc16f30bd393d88	Dini məqsədlər üçün istifadə edilən bir tunc qazan var.		0	0	twenties				az	
ac04729e96e3486240cea105dd3a8c1f1321b13a11d636487d868a37c0130343770c02ca8898d582a55d6e37e7e3b32b089b76a439f6f3b3ba0ca496145446ff	common_voice_az_45233798.mp3	03fb2b8c126df3f57ca7706f8bdb243c3185fb997364382044a71629f9404d1d	Onlar öz hərəkətlərini "vətənpərvər" və "millətin öz hisslərini yenidən qazanması üçün vacib" olaraq görürdülər.		0	0	twenties				az	
ac04729e96e3486240cea105dd3a8c1f1321b13a11d636487d868a37c0130343770c02ca8898d582a55d6e37e7e3b32b089b76a439f6f3b3ba0ca496145446ff	common_voice_az_45233807.mp3	0008aa93f8ec8f3a55115b2b5940b7027c6161dd0b5ab797915cdfe0521eba9a	Adətən Avrasiya plitəsinin tərkib hissəsini təşkil edir.		0	0	twenties				az	
